best,budget,hi,lo,losses,oracle_hi,oracle_ratio,ours,p_gate,p_holm,ratio,scope,setting,wins
RL64+ALNS-8,B1,1.003380223776197,0.9875707831762683,8,1.003380223776197,0.9954791383268431,ALNS-8,0.9999999999999604,1.0,0.9954791383268431,all others,MA-AT-25-5-50,12
CPSAT-8,B1,0.9039415988136786,0.8757661003307786,0,0.9039415988136786,0.8898209169252345,ALNS-8,0.00031832716692725384,0.0015916358346362693,0.8898209169252345,others w/o hybrid,MA-AT-25-5-50,20
RL-8,B1,0.7688625707256073,0.7313252120680627,0,0.7688625707256073,0.7495449654772575,ALNS-8,1.0734799534321575e-12,,0.7495449654772575,"RL, same cores",MA-AT-25-5-50,20
RL64+ALNS-8,B1,1.0224839292604821,1.0055810699695211,15,1.0224839292604821,1.0139903196240887,ALNS-1,0.9999999999999982,,1.0139903196240887,all others,MA-AT-25-5-50,5
RL-1,B1,0.766050545325076,0.7302428602514432,0,0.766050545325076,0.7484497325984588,ALNS-1,6.719812580663595e-13,,0.7484497325984588,1-core others,MA-AT-25-5-50,20
RL64+ALNS-8,B2,1.002506241992446,0.9897896418603533,7,1.002506241992446,0.9963438113345665,ALNS-8,0.9999999999999991,1.0,0.9963438113345665,all others,MA-AT-25-5-50,12
CPSAT-8,B2,0.9203436091554769,0.8922509928945938,0,0.9203436091554769,0.9066688234249474,ALNS-8,0.03965075715677969,0.19825378578389843,0.9066688234249474,others w/o hybrid,MA-AT-25-5-50,20
RL-8,B2,0.7766754558952367,0.7420522073665803,0,0.7766754558952367,0.7589477804867831,ALNS-8,6.234299041017509e-13,,0.7589477804867831,"RL, same cores",MA-AT-25-5-50,20
RL64+ALNS-8,B2,1.028633053841091,1.004138037372821,15,1.028633053841091,1.0158120236461141,ALNS-1,0.9999999999988377,,1.0158120236461141,all others,MA-AT-25-5-50,5
RL-1,B2,0.7608873299629407,0.7355826962485263,0,0.7608873299629407,0.7476041108394443,ALNS-1,6.463977001592542e-16,,0.7476041108394443,1-core others,MA-AT-25-5-50,20
RL64+ALNS-8,B1,0.989756408369754,0.9754869834989369,2,0.9901672468648369,0.983207581245856,ALNS-8,0.9999999999997263,1.0,0.9825141109037849,all others,SA-AT-50-5-50,18
CPSAT-8,B1,0.9635328913490389,0.9456008356606338,0,0.9635328913490389,0.95461702940481,ALNS-8,0.9999997513398455,1.0,0.95461702940481,others w/o hybrid,SA-AT-50-5-50,20
RL-8,B1,0.7964831486370818,0.7781447040756235,0,0.7964831486370818,0.786889685032385,ALNS-8,1.9575738149428407e-16,,0.786889685032385,"RL, same cores",SA-AT-50-5-50,20
RL64+ALNS-8,B1,1.0172970327907793,1.0026941471287394,14,1.0179338702316618,1.0109467461602581,ALNS-1,0.9999999999999997,,1.0102266506660909,all others,SA-AT-50-5-50,6
RL-1,B1,0.8092804997613074,0.786420171194406,0,0.8092804997613074,0.7984125614433951,ALNS-1,7.549436468026809e-14,,0.7984125614433951,1-core others,SA-AT-50-5-50,20
RL64+ALNS-8,B2,1.005492296442197,0.9906290257022877,8,1.005492296442197,0.9981558372912571,ALNS-8,0.9999999999999906,1.0,0.9981558372912571,all others,SA-AT-50-5-50,12
CPSAT-8,B2,0.9586265640813665,0.9402084428767664,1,0.9586265640813665,0.9488156797785795,ALNS-8,0.9999966007779271,1.0,0.9488156797785795,others w/o hybrid,SA-AT-50-5-50,19
RL-8,B2,0.7983696247773321,0.7768175728576189,0,0.7983696247773321,0.7876661100769662,ALNS-8,3.3298012470021353e-15,,0.7876661100769662,"RL, same cores",SA-AT-50-5-50,20
RL64+ALNS-8,B2,1.0304511759299837,1.015119296317194,18,1.0304511759299837,1.0230468741317826,ALNS-1,0.9999999999999999,,1.0230468741317826,all others,SA-AT-50-5-50,2
RL-1,B2,0.8025604169996254,0.7765754353399607,0,0.8025604169996254,0.7895002245326527,ALNS-1,1.6625132888232374e-13,,0.7895002245326527,1-core others,SA-AT-50-5-50,20
RL64+ALNS-8,B1,1.005564402990776,0.988258747964222,9,1.005564402990776,0.9966767927815555,ALNS-8,0.9999999999998228,1.0,0.9966767927815555,all others,MA-AT-50-5-50,11
CPSAT-8,B1,0.9218598957864883,0.9003008515594374,0,0.9218598957864883,0.9113464780516765,ALNS-8,0.06499760305586183,0.2599904122234473,0.9113464780516765,others w/o hybrid,MA-AT-50-5-50,20
RL-8,B1,0.7602862655508678,0.7086467479142261,0,0.7602862655508678,0.7343191063842986,ALNS-8,9.263975397583508e-11,,0.7343191063842986,"RL, same cores",MA-AT-50-5-50,20
RL64+ALNS-8,B1,1.024290751156201,1.0054953530662618,15,1.024290751156201,1.0147901594429392,ALNS-1,0.9999999999999868,,1.0147901594429392,all others,MA-AT-50-5-50,4
RL-1,B1,0.7515571011523579,0.7052830625338029,0,0.7516283943617916,0.729291046673292,ALNS-1,1.2017325816846682e-11,,0.729124702424075,1-core others,MA-AT-50-5-50,20
RL64+ALNS-8,B2,1.0082248650240695,0.9905113254018296,6,1.0082248650240695,0.9990431462701602,ALNS-8,0.9999999999998646,1.0,0.9990431462701602,all others,MA-AT-50-5-50,12
CPSAT-8,B2,0.9277134475214779,0.903897165341018,0,0.9277134475214779,0.9156151934366609,ALNS-8,0.2252661098206588,0.9010644392826352,0.9156151934366609,others w/o hybrid,MA-AT-50-5-50,20
RL-8,B2,0.7664537256466618,0.7186017198877875,0,0.7664537256466618,0.742679751668798,ALNS-8,4.4131033170727606e-11,,0.742679751668798,"RL, same cores",MA-AT-50-5-50,20
RL64+ALNS-8,B2,1.0200459280622145,1.0072114395033487,17,1.0200459280622145,1.0136614005136795,ALNS-1,1.0,,1.0136614005136795,all others,MA-AT-50-5-50,3
RL-1,B2,0.752877780189361,0.7061581351586709,0,0.752877780189361,0.7295112380151055,ALNS-1,1.3600990173920994e-11,,0.7295112380151055,1-core others,MA-AT-50-5-50,20
RL64+ALNS-8,B1,1.0025762627778807,0.9957166676194912,7,1.0025762627778807,0.9991201101893517,ALNS-8,1.0,1.0,0.9991201101893517,all others,SA-BT-50-5-50,8
CPSAT-8,B1,0.971901268237442,0.9543708634986994,0,0.971901268237442,0.9633823682303181,ALNS-8,0.9999999958295215,1.0,0.9633823682303181,others w/o hybrid,SA-BT-50-5-50,20
RL-8,B1,0.792530458420618,0.7720430575570136,0,0.792530458420618,0.7822838935163069,ALNS-8,6.048035439154878e-16,,0.7822838935163069,"RL, same cores",SA-BT-50-5-50,20
RL64+ALNS-8,B1,1.0108083425643204,1.0016856505260636,15,1.0108083425643204,1.0061064412203027,ALNS-1,1.0,,1.0061064412203027,all others,SA-BT-50-5-50,3
RL-1,B1,0.7819281471304328,0.7577778910327738,0,0.7819281471304328,0.7701330512626616,ALNS-1,4.1292585029545056e-15,,0.7701330512626616,1-core others,SA-BT-50-5-50,20
RL64+ALNS-8,B2,1.0028050324996862,0.9954166361601635,5,1.005077167897415,1.0007829829775055,ALNS-8,1.0,1.0,0.9990067934449055,all others,SA-BT-50-5-50,7
CPSAT-8,B2,0.9832520934067197,0.9631162406019964,2,0.9832520934067197,0.9732830530823394,ALNS-8,0.9999999985017654,1.0,0.9732830530823394,others w/o hybrid,SA-BT-50-5-50,17
RL-8,B2,0.7986076299551944,0.7791143392761941,0,0.7986076299551944,0.7889095164910525,ALNS-8,7.736559323137456e-16,,0.7889095164910525,"RL, same cores",SA-BT-50-5-50,20
RL64+ALNS-8,B2,1.0110497158008702,0.9998621322700937,14,1.0120584641304835,1.0071119681570893,ALNS-1,1.0,,1.0053546524030905,all others,SA-BT-50-5-50,3
RL-1,B2,0.7833109029793792,0.7691431921466395,0,0.7833109029793792,0.776113285381083,ALNS-1,3.1264431926463567e-19,,0.776113285381083,1-core others,SA-BT-50-5-50,20
CPSAT-8,B1,0.9994749788737033,0.9638259802345921,7,0.9994749788737033,0.9818514150035922,ALNS-8,0.9999989329726663,1.0,0.9818514150035922,all others,MA-AT-50-5-200,13
CPSAT-8,B1,0.9994749788737033,0.9638259802345921,7,0.9994749788737033,0.9818514150035922,ALNS-8,0.9999989329726663,1.0,0.9818514150035922,others w/o hybrid,MA-AT-50-5-200,13
RL-8,B1,0.803261622015516,0.7724068140199956,0,0.803261622015516,0.7879259213810528,ALNS-8,2.305361874726636e-12,,0.7879259213810528,"RL, same cores",MA-AT-50-5-200,20
CPSAT-8,B1,1.0400394076285753,1.0014864452493932,15,1.0400394076285753,1.0210259231532377,ALNS-1,0.9999999983723163,,1.0210259231532377,all others,MA-AT-50-5-200,5
RL-1,B1,0.8233789010725194,0.786374249283929,0,0.8233789010725194,0.8044607695667205,ALNS-1,4.3975317269955854e-10,,0.8044607695667205,1-core others,MA-AT-50-5-200,20
RL64+ALNS-8,B2,1.000271418590215,0.9814291433530834,6,1.0125605873513377,1.0012099553701634,ALNS-8,0.9999999999962311,1.0,0.9906927525726358,all others,MA-AT-50-5-200,14
CPSAT-8,B2,0.9978451805061216,0.9621294501357714,7,0.9978451805061216,0.9797040828226639,ALNS-8,0.999998265339628,1.0,0.9797040828226639,others w/o hybrid,MA-AT-50-5-200,13
RL-8,B2,0.8022278235856092,0.7728424092818617,0,0.8022278235856092,0.7869638236324702,ALNS-8,7.297304746714786e-13,,0.7869638236324702,"RL, same cores",MA-AT-50-5-200,20
RL64+ALNS-8,B2,1.0366876040429664,1.005527987744824,15,1.0471298208412132,1.0311352029089371,ALNS-1,0.9999999999610648,,1.0203698973556425,all others,MA-AT-50-5-200,5
RL-1,B2,0.8135729759595184,0.7783913067228916,0,0.8135729759595184,0.7961035650607732,ALNS-1,5.860586835863108e-11,,0.7961035650607732,1-core others,MA-AT-50-5-200,20
