a,b,scope,n_clusters,n_obs,ratio,lo,hi,median_ratio,hl_ratio,p_less,p_two,sd_log,wins,losses,ties,obs_wins,obs_losses,pairs,dropped_pairs,success_a,success_b,mcnemar_b10,mcnemar_b01,mcnemar_p_two
SPARC-L,B4-eq,F1-F3,80,1120,0.984739,0.980567,0.988951,0.984729,0.98473,8.51827e-10,1.70365e-09,0.0201909,59,21,0,618,470,1120,0,1120,1120,0,0,1
SPARC-L,B4-eq,F1,80,480,0.988127,0.984122,0.992154,0.990076,0.989051,1.00929e-06,2.01857e-06,0.0208228,54,26,0,257,192,480,0,480,480,0,0,1
SPARC-L,B4-eq,F2,80,160,0.987997,0.977482,0.997957,0.991031,0.989751,0.0137754,0.0275507,0.0481055,51,29,0,92,68,160,0,160,160,0,0,1
SPARC-L,B4-eq,F3,80,480,0.980283,0.972291,0.988434,0.979368,0.979917,6.87467e-06,1.37493e-05,0.0384071,57,23,0,269,210,480,0,480,480,0,0,1
SPARC-L,B4-eq,MA-AT-25-5-50,20,280,0.97843,0.971073,0.985542,0.980834,0.979759,1.35816e-05,2.71632e-05,0.0177761,18,2,0,176,104,280,0,280,280,0,0,1
SPARC-L,B4-eq,MA-AT-25-5-50|F1,20,120,0.976151,0.968385,0.984039,0.975868,0.975894,7.66108e-06,1.53222e-05,0.0187736,18,2,0,79,41,120,0,120,120,0,0,1
SPARC-L,B4-eq,MA-AT-25-5-50|F2,20,40,0.974356,0.958249,0.989949,0.984449,0.975764,0.00310082,0.00620165,0.0377551,15,5,0,28,12,40,0,40,40,0,0,1
SPARC-L,B4-eq,MA-AT-25-5-50|F3,20,120,0.982079,0.966357,0.998401,0.981767,0.981748,0.024648,0.049296,0.0385073,15,5,0,69,51,120,0,120,120,0,0,1
SPARC-L,B4-eq,MA-AT-50-5-50,20,280,0.981821,0.973224,0.991574,0.977765,0.97998,0.000741015,0.00148203,0.0221095,16,4,0,154,122,280,0,280,280,0,0,1
SPARC-L,B4-eq,MA-AT-50-5-50|F1,20,120,0.987348,0.977158,0.996966,0.986243,0.987218,0.0136801,0.0273602,0.0238238,14,6,0,64,53,120,0,120,120,0,0,1
SPARC-L,B4-eq,MA-AT-50-5-50|F2,20,40,0.990953,0.962736,1.01906,0.998128,0.995064,0.271945,0.543891,0.0657657,12,8,0,21,19,40,0,40,40,0,0,1
SPARC-L,B4-eq,MA-AT-50-5-50|F3,20,120,0.973316,0.958327,0.989413,0.975964,0.973093,0.00222991,0.00445982,0.0375092,16,4,0,69,50,120,0,120,120,0,0,1
SPARC-L,B4-eq,SA-AT-50-5-50,20,280,0.989704,0.979768,0.999291,0.995322,0.9898,0.0295725,0.0591449,0.0230564,11,9,0,152,128,280,0,280,280,0,0,1
SPARC-L,B4-eq,SA-AT-50-5-50|F1,20,120,0.988522,0.980078,0.996883,0.988757,0.988799,0.00930185,0.0186037,0.0200609,13,7,0,69,51,120,0,120,120,0,0,1
SPARC-L,B4-eq,SA-AT-50-5-50|F2,20,40,0.996391,0.978276,1.01496,0.995729,0.99813,0.354825,0.70965,0.0427757,11,9,0,21,19,40,0,40,40,0,0,1
SPARC-L,B4-eq,SA-AT-50-5-50|F3,20,120,0.988666,0.970475,1.00675,0.985312,0.988771,0.126736,0.253471,0.0432867,13,7,0,62,58,120,0,120,120,0,0,1
SPARC-L,B4-eq,SA-BT-50-5-50,20,280,0.98905,0.982144,0.995722,0.98903,0.988888,0.00323178,0.00646356,0.0160988,14,6,0,136,116,280,0,280,280,0,0,1
SPARC-L,B4-eq,SA-BT-50-5-50|F1,20,120,1.00064,0.995228,1.00593,1.00314,1.00093,0.589379,0.821242,0.012502,9,11,0,45,47,120,0,120,120,0,0,1
SPARC-L,B4-eq,SA-BT-50-5-50|F2,20,40,0.990427,0.972355,1.00764,0.991031,0.992396,0.158152,0.316304,0.0417976,13,7,0,22,18,40,0,40,40,0,0,1
SPARC-L,B4-eq,SA-BT-50-5-50|F3,20,120,0.97714,0.962199,0.991599,0.979141,0.977586,0.00407345,0.00814691,0.0350081,13,7,0,69,51,120,0,120,120,0,0,1
SPARC-L,B4-eq,F1-R1,80,160,0.988476,0.981111,0.995746,0.994567,0.991391,0.00178896,0.00357791,0.0345206,46,33,1,83,69,160,0,160,160,0,0,1
SPARC-L,B4-eq,F1-R2,80,160,0.990102,0.982744,0.997199,0.994635,0.991237,0.00673049,0.013461,0.0351925,49,31,0,88,70,160,0,160,160,0,0,1
SPARC-L,B4-eq,F1-R3,80,160,0.985808,0.978976,0.992879,0.986055,0.986286,0.000283273,0.000566545,0.0355814,56,20,4,86,53,160,0,160,160,0,0,1
SPARC-L,B4-eq,F2-R2N3,80,160,0.987997,0.977482,0.997957,0.991031,0.989751,0.0137754,0.0275507,0.0481055,51,29,0,92,68,160,0,160,160,0,0,1
SPARC-L,B4-eq,F3-pf0.1,80,160,0.981695,0.968119,0.994936,0.980114,0.98298,0.00593662,0.0118732,0.064159,50,30,0,88,71,160,0,160,160,0,0,1
SPARC-L,B4-eq,F3-pf0.2,80,160,0.983413,0.968891,0.998404,0.988803,0.986331,0.0171579,0.0343158,0.0694631,44,36,0,91,69,160,0,160,160,0,0,1
SPARC-L,B4-eq,F3-pf0.2-R2,80,160,0.975758,0.961904,0.989214,0.980416,0.978682,0.00073835,0.0014767,0.0666217,47,33,0,90,70,160,0,160,160,0,0,1
SPARC-L,B4-eq,F1-F3 family-balanced,80,240,0.985462,0.980653,0.990207,0.988295,0.985938,7.70969e-08,1.54194e-07,0.0227373,60,20,0,162,78,1120,0,,,,,
SPARC-L,B4-2eq,F1-F3,80,1120,0.988413,0.98385,0.993032,0.985996,0.987724,4.32684e-06,8.65368e-06,0.0219061,56,24,0,609,477,1120,0,1120,1120,0,0,1
SPARC-L,B4-2eq,F1,80,480,0.991999,0.987491,0.996343,0.99366,0.993186,0.000626656,0.00125331,0.021469,54,26,0,250,196,480,0,480,480,0,0,1
SPARC-L,B4-2eq,F2,80,160,0.987828,0.978003,0.997563,0.988699,0.987997,0.0104092,0.0208184,0.0464425,50,30,0,92,68,160,0,160,160,0,0,1
SPARC-L,B4-2eq,F3,80,480,0.985034,0.976471,0.994109,0.981182,0.983414,0.00102435,0.0020487,0.0422944,53,27,0,267,213,480,0,480,480,0,0,1
SPARC-L,B4-2eq,MA-AT-25-5-50,20,280,0.980958,0.973697,0.988272,0.978412,0.980296,4.34588e-05,8.69176e-05,0.0173345,17,3,0,170,110,280,0,280,280,0,0,1
SPARC-L,B4-2eq,MA-AT-25-5-50|F1,20,120,0.982569,0.974153,0.990682,0.981132,0.983594,0.000408284,0.000816568,0.0197981,17,3,0,76,44,120,0,120,120,0,0,1
SPARC-L,B4-2eq,MA-AT-25-5-50|F2,20,40,0.977489,0.960565,0.993288,0.990005,0.98022,0.00860535,0.0172107,0.0390107,14,6,0,26,14,40,0,40,40,0,0,1
SPARC-L,B4-2eq,MA-AT-25-5-50|F3,20,120,0.980506,0.965957,0.994802,0.986005,0.981118,0.00941319,0.0188264,0.0342839,15,5,0,68,52,120,0,120,120,0,0,1
SPARC-L,B4-2eq,MA-AT-50-5-50,20,280,0.995071,0.982661,1.0087,0.994038,0.993309,0.245533,0.491065,0.031466,12,8,0,145,133,280,0,280,280,0,0,1
SPARC-L,B4-2eq,MA-AT-50-5-50|F1,20,120,0.997977,0.986811,1.00813,1.002,0.999412,0.359121,0.718242,0.024726,9,11,0,60,58,120,0,120,120,0,0,1
SPARC-L,B4-2eq,MA-AT-50-5-50|F2,20,40,0.990342,0.967857,1.0137,0.978508,0.991877,0.219254,0.438508,0.0548447,12,8,0,21,19,40,0,40,40,0,0,1
SPARC-L,B4-2eq,MA-AT-50-5-50|F3,20,120,0.993751,0.971085,1.018,0.981816,0.992919,0.311031,0.622062,0.0559457,12,8,0,64,56,120,0,120,120,0,0,1
SPARC-L,B4-2eq,SA-AT-50-5-50,20,280,0.992878,0.985344,1.00037,0.99543,0.994133,0.0442162,0.0884323,0.0177976,12,8,0,154,126,280,0,280,280,0,0,1
SPARC-L,B4-2eq,SA-AT-50-5-50|F1,20,120,0.990904,0.980834,1.00106,0.99366,0.992293,0.0539496,0.107899,0.0242189,14,6,0,70,50,120,0,120,120,0,0,1
SPARC-L,B4-2eq,SA-AT-50-5-50|F2,20,40,0.990505,0.974072,1.00736,0.98251,0.9878,0.147702,0.295403,0.0396514,13,7,0,24,16,40,0,40,40,0,0,1
SPARC-L,B4-2eq,SA-AT-50-5-50|F3,20,120,0.995651,0.981048,1.01233,0.995023,0.993049,0.301848,0.603695,0.0369283,11,9,0,60,60,120,0,120,120,0,0,1
SPARC-L,B4-2eq,SA-BT-50-5-50,20,280,0.984811,0.978255,0.991389,0.98148,0.985216,0.000162724,0.000325449,0.0156438,15,5,0,140,108,280,0,280,280,0,0,1
SPARC-L,B4-2eq,SA-BT-50-5-50|F1,20,120,0.996618,0.9913,1.00233,0.996476,0.996534,0.128834,0.257669,0.0129817,14,6,0,44,44,120,0,120,120,0,0,1
SPARC-L,B4-2eq,SA-BT-50-5-50|F2,20,40,0.993051,0.971359,1.01501,0.993214,0.995355,0.277948,0.555895,0.052018,11,9,0,21,19,40,0,40,40,0,0,1
SPARC-L,B4-2eq,SA-BT-50-5-50|F3,20,120,0.970445,0.955954,0.985584,0.959761,0.968981,0.000746372,0.00149274,0.0361843,15,5,0,75,45,120,0,120,120,0,0,1
SPARC-L,B4-2eq,F1-R1,80,160,0.990415,0.984,0.997245,0.993609,0.99107,0.00352687,0.00705374,0.0311396,49,30,1,89,63,160,0,160,160,0,0,1
SPARC-L,B4-2eq,F1-R2,80,160,0.993763,0.986138,1.00137,0.99979,0.99488,0.0647211,0.129442,0.0365208,40,40,0,85,73,160,0,160,160,0,0,1
SPARC-L,B4-2eq,F1-R3,80,160,0.991821,0.984518,0.999207,0.996568,0.992543,0.0203934,0.0407869,0.0353186,46,28,6,76,60,160,0,160,160,0,0,1
SPARC-L,B4-2eq,F2-R2N3,80,160,0.987828,0.978003,0.997563,0.988699,0.987997,0.0104092,0.0208184,0.0464425,50,30,0,92,68,160,0,160,160,0,0,1
SPARC-L,B4-2eq,F3-pf0.1,80,160,0.993575,0.979444,1.00757,0.99592,0.994323,0.195043,0.390086,0.0667108,42,38,0,87,73,160,0,160,160,0,0,1
SPARC-L,B4-2eq,F3-pf0.2,80,160,0.99245,0.97622,1.00951,0.991156,0.993584,0.193163,0.386327,0.0778124,48,32,0,80,80,160,0,160,160,0,0,1
SPARC-L,B4-2eq,F3-pf0.2-R2,80,160,0.96927,0.954831,0.98381,0.969871,0.969843,0.000111022,0.000222044,0.0721199,55,25,0,100,60,160,0,160,160,0,0,1
SPARC-L,B4-2eq,F1-F3 family-balanced,80,240,0.988283,0.983548,0.99305,0.986185,0.988352,7.83988e-06,1.56798e-05,0.0229031,53,27,0,157,83,1120,0,,,,,
SPARC-L,B4-4eq,F1-F3,80,1120,0.991301,0.986688,0.995915,0.991825,0.991755,0.000302661,0.000605322,0.021873,50,30,0,598,493,1120,0,1120,1120,0,0,1
SPARC-L,B4-4eq,F1,80,480,0.997281,0.992866,1.00172,0.995428,0.99654,0.124606,0.249212,0.0209764,44,36,0,247,204,480,0,480,480,0,0,1
SPARC-L,B4-4eq,F2,80,160,0.993696,0.983782,1.00358,0.99832,0.995117,0.11207,0.224141,0.0461653,41,39,0,85,75,160,0,160,160,0,0,1
SPARC-L,B4-4eq,F3,80,480,0.984563,0.975028,0.993931,0.995406,0.986369,0.00161453,0.00322905,0.0458046,45,35,0,266,214,480,0,480,480,0,0,1
SPARC-L,B4-4eq,MA-AT-25-5-50,20,280,0.99089,0.982863,0.999135,0.991825,0.990857,0.0226215,0.0452429,0.0190953,15,5,0,161,119,280,0,280,280,0,0,1
SPARC-L,B4-4eq,MA-AT-25-5-50|F1,20,120,0.989,0.981623,0.996671,0.984762,0.988849,0.00588212,0.0117642,0.0177514,13,7,0,73,47,120,0,120,120,0,0,1
SPARC-L,B4-4eq,MA-AT-25-5-50|F2,20,40,0.983469,0.965626,1.00118,0.991896,0.985877,0.0479052,0.0958103,0.0425378,11,9,0,26,14,40,0,40,40,0,0,1
SPARC-L,B4-4eq,MA-AT-25-5-50|F3,20,120,0.995274,0.978535,1.01284,1.00015,0.994614,0.3008,0.601599,0.0398984,10,10,0,62,58,120,0,120,120,0,0,1
SPARC-L,B4-4eq,MA-AT-50-5-50,20,280,0.992094,0.981435,1.00253,0.993649,0.993157,0.0847936,0.169587,0.0248625,11,9,0,145,132,280,0,280,280,0,0,1
SPARC-L,B4-4eq,MA-AT-50-5-50|F1,20,120,1.003,0.993766,1.01267,0.999305,1.00127,0.724306,0.551388,0.022118,11,9,0,60,57,120,0,120,120,0,0,1
SPARC-L,B4-4eq,MA-AT-50-5-50|F2,20,40,0.993666,0.966925,1.02016,1.00891,0.997345,0.32844,0.65688,0.0629636,9,11,0,20,20,40,0,40,40,0,0,1
SPARC-L,B4-4eq,MA-AT-50-5-50|F3,20,120,0.980785,0.958903,1.00068,0.988988,0.986603,0.0494101,0.0988202,0.0499938,11,9,0,65,55,120,0,120,120,0,0,1
SPARC-L,B4-4eq,SA-AT-50-5-50,20,280,0.995696,0.985338,1.00529,1.00318,0.997667,0.210238,0.420477,0.0234277,9,11,0,151,129,280,0,280,280,0,0,1
SPARC-L,B4-4eq,SA-AT-50-5-50|F1,20,120,0.997557,0.986911,1.00867,0.990996,0.997032,0.33594,0.67188,0.0254256,12,8,0,63,57,120,0,120,120,0,0,1
SPARC-L,B4-4eq,SA-AT-50-5-50|F2,20,40,0.99949,0.984828,1.01416,1.0001,1.00015,0.47434,0.94868,0.0350096,10,10,0,21,19,40,0,40,40,0,0,1
SPARC-L,B4-4eq,SA-AT-50-5-50|F3,20,120,0.992579,0.974302,1.01054,1.00002,0.997461,0.222041,0.444083,0.0426219,10,10,0,67,53,120,0,120,120,0,0,1
SPARC-L,B4-4eq,SA-BT-50-5-50,20,280,0.986545,0.977903,0.995307,0.984112,0.985921,0.00380247,0.00760495,0.0202934,15,5,0,141,113,280,0,280,280,0,0,1
SPARC-L,B4-4eq,SA-BT-50-5-50|F1,20,120,0.999618,0.992635,1.00665,1.00064,1.00037,0.45873,0.917459,0.0162865,8,12,0,51,43,120,0,120,120,0,0,1
SPARC-L,B4-4eq,SA-BT-50-5-50|F2,20,40,0.99824,0.980644,1.01579,0.995017,0.998391,0.425081,0.850161,0.0411308,11,9,0,18,22,40,0,40,40,0,0,1
SPARC-L,B4-4eq,SA-BT-50-5-50|F3,20,120,0.969825,0.949492,0.98991,0.966359,0.969947,0.00551985,0.0110397,0.048664,14,6,0,72,48,120,0,120,120,0,0,1
SPARC-L,B4-4eq,F1-R1,80,160,0.993901,0.986708,1.00134,0.992819,0.994003,0.0538382,0.107676,0.0336287,45,35,0,88,67,160,0,160,160,0,0,1
SPARC-L,B4-4eq,F1-R2,80,160,1.00039,0.992086,1.00907,1.00101,1.00076,0.534881,0.930239,0.0394482,39,41,0,82,77,160,0,160,160,0,0,1
SPARC-L,B4-4eq,F1-R3,80,160,0.997566,0.990294,1.00492,0.998242,0.997387,0.278299,0.556598,0.0369117,42,34,4,77,60,160,0,160,160,0,0,1
SPARC-L,B4-4eq,F2-R2N3,80,160,0.993696,0.983782,1.00358,0.99832,0.995117,0.11207,0.224141,0.0461653,41,39,0,85,75,160,0,160,160,0,0,1
SPARC-L,B4-4eq,F3-pf0.1,80,160,0.99851,0.984098,1.01299,1.00029,1.00104,0.421445,0.84289,0.0670493,40,40,0,75,85,160,0,160,160,0,0,1
SPARC-L,B4-4eq,F3-pf0.2,80,160,0.987144,0.971173,1.00256,0.991909,0.992268,0.066779,0.133558,0.0763514,45,35,0,86,74,160,0,160,160,0,0,1
SPARC-L,B4-4eq,F3-pf0.2-R2,80,160,0.968274,0.953188,0.982808,0.98527,0.974691,7.40103e-05,0.000148021,0.0723171,53,27,0,105,55,160,0,160,160,0,0,1
SPARC-L,B4-4eq,F1-F3 family-balanced,80,240,0.991833,0.987121,0.996406,0.988847,0.992227,0.00063007,0.00126014,0.0219278,51,29,0,130,110,1120,0,,,,,
SPARC-L,B4-impl,F1-F3,80,1120,0.973961,0.969462,0.978474,0.976118,0.974828,5.64829e-17,1.12966e-16,0.0224466,73,7,0,718,375,1120,0,1120,1120,0,0,1
SPARC-L,B4-impl,F1,80,480,0.980771,0.975953,0.985382,0.981096,0.981156,1.06035e-10,2.1207e-10,0.0238387,64,16,0,306,147,480,0,480,480,0,0,1
SPARC-L,B4-impl,F2,80,160,0.97246,0.962553,0.982171,0.969209,0.973009,5.73507e-07,1.14701e-06,0.0473831,55,25,0,106,54,160,0,160,160,0,0,1
SPARC-L,B4-impl,F3,80,480,0.967695,0.958741,0.97685,0.973716,0.969654,3.18673e-09,6.37346e-09,0.0451225,65,15,0,306,174,480,0,480,480,0,0,1
SPARC-L,B4-impl,MA-AT-25-5-50,20,280,0.965947,0.957083,0.973797,0.970705,0.969157,2.36378e-07,4.72755e-07,0.0207914,20,0,0,197,83,280,0,280,280,0,0,1
SPARC-L,B4-impl,MA-AT-25-5-50|F1,20,120,0.967255,0.958009,0.976373,0.966047,0.967254,8.71518e-07,1.74304e-06,0.0219233,19,1,0,91,29,120,0,120,120,0,0,1
SPARC-L,B4-impl,MA-AT-25-5-50|F2,20,40,0.95772,0.940177,0.976014,0.951213,0.956316,0.000154622,0.000309245,0.04393,16,4,0,31,9,40,0,40,40,0,0,1
SPARC-L,B4-impl,MA-AT-25-5-50|F3,20,120,0.967395,0.94868,0.984969,0.980589,0.970942,0.0015873,0.00317459,0.0439156,18,2,0,75,45,120,0,120,120,0,0,1
SPARC-L,B4-impl,MA-AT-50-5-50,20,280,0.973181,0.962019,0.984777,0.975102,0.973072,0.000124685,0.00024937,0.0270617,17,3,0,184,95,280,0,280,280,0,0,1
SPARC-L,B4-impl,MA-AT-50-5-50|F1,20,120,0.983177,0.971044,0.994908,0.982429,0.984417,0.00735123,0.0147025,0.0282742,14,6,0,76,43,120,0,120,120,0,0,1
SPARC-L,B4-impl,MA-AT-50-5-50|F2,20,40,0.986469,0.964144,1.00989,0.983799,0.986282,0.139515,0.279031,0.054673,11,9,0,25,15,40,0,40,40,0,0,1
SPARC-L,B4-impl,MA-AT-50-5-50|F3,20,120,0.958942,0.937764,0.981204,0.949921,0.957934,0.00101268,0.00202536,0.0524628,16,4,0,83,37,120,0,120,120,0,0,1
SPARC-L,B4-impl,SA-AT-50-5-50,20,280,0.981946,0.974558,0.988839,0.985023,0.983287,6.82891e-05,0.000136578,0.0171218,18,2,0,175,105,280,0,280,280,0,0,1
SPARC-L,B4-impl,SA-AT-50-5-50|F1,20,120,0.980335,0.972274,0.987953,0.978295,0.980618,7.84029e-05,0.000156806,0.0189082,17,3,0,78,42,120,0,120,120,0,0,1
SPARC-L,B4-impl,SA-AT-50-5-50|F2,20,40,0.975202,0.957801,0.992845,0.97201,0.975584,0.0074113,0.0148226,0.0419057,14,6,0,27,13,40,0,40,40,0,0,1
SPARC-L,B4-impl,SA-AT-50-5-50|F3,20,120,0.985821,0.97009,1.00065,0.984373,0.987367,0.0486312,0.0972624,0.0366123,13,7,0,70,50,120,0,120,120,0,0,1
SPARC-L,B4-impl,SA-BT-50-5-50,20,280,0.974835,0.965769,0.984387,0.976941,0.975738,2.97373e-05,5.94746e-05,0.0222176,18,2,0,162,92,280,0,280,280,0,0,1
SPARC-L,B4-impl,SA-BT-50-5-50|F1,20,120,0.992483,0.984356,1.00082,0.992589,0.992337,0.0472781,0.0945561,0.0191764,14,6,0,61,33,120,0,120,120,0,0,1
SPARC-L,B4-impl,SA-BT-50-5-50|F2,20,40,0.970668,0.951239,0.989567,0.972635,0.97514,0.00515711,0.0103142,0.0467676,14,6,0,23,17,40,0,40,40,0,0,1
SPARC-L,B4-impl,SA-BT-50-5-50|F3,20,120,0.958868,0.940524,0.976697,0.967456,0.962807,0.000192246,0.000384491,0.0436613,18,2,0,78,42,120,0,120,120,0,0,1
SPARC-L,B4-impl,F1-R1,80,160,0.98139,0.974356,0.987965,0.994141,0.986663,1.5959e-06,3.19181e-06,0.0335057,59,20,1,100,52,160,0,160,160,0,0,1
SPARC-L,B4-impl,F1-R2,80,160,0.982245,0.973735,0.990824,0.981202,0.981742,7.84875e-05,0.000156975,0.0403534,60,20,0,105,54,160,0,160,160,0,0,1
SPARC-L,B4-impl,F1-R3,80,160,0.978682,0.972121,0.985269,0.979152,0.979149,1.96804e-07,3.93607e-07,0.0348261,56,20,4,101,41,160,0,160,160,0,0,1
SPARC-L,B4-impl,F2-R2N3,80,160,0.97246,0.962553,0.982171,0.969209,0.973009,5.73507e-07,1.14701e-06,0.0473831,55,25,0,106,54,160,0,160,160,0,0,1
SPARC-L,B4-impl,F3-pf0.1,80,160,0.969778,0.95431,0.98585,0.966059,0.968618,0.0002319,0.0004638,0.0751319,57,23,0,104,56,160,0,160,160,0,0,1
SPARC-L,B4-impl,F3-pf0.2,80,160,0.96892,0.953932,0.98437,0.969599,0.967772,0.000161578,0.000323156,0.0750853,55,25,0,96,64,160,0,160,160,0,0,1
SPARC-L,B4-impl,F3-pf0.2-R2,80,160,0.964394,0.953693,0.97525,0.964162,0.96301,9.56143e-08,1.91229e-07,0.0568007,62,18,0,106,54,160,0,160,160,0,0,1
SPARC-L,B4-impl,F1-F3 family-balanced,80,240,0.973627,0.968837,0.978304,0.975491,0.974211,9.53119e-17,1.90624e-16,0.0229967,72,8,0,184,56,1120,0,,,,,
SPARC-L,B4-r12,F1-F3,80,1120,0.972255,0.967948,0.97674,0.973037,0.972039,8.98945e-18,1.79789e-17,0.0230234,72,8,0,720,370,1120,0,1120,1120,0,0,1
SPARC-L,B4-r12,F1,80,480,0.977634,0.973019,0.982072,0.981128,0.979034,1.05233e-12,2.10466e-12,0.0243272,69,11,0,317,134,480,0,480,480,0,0,1
SPARC-L,B4-r12,F2,80,160,0.974231,0.9643,0.984177,0.971622,0.974611,5.23445e-06,1.04689e-05,0.0495864,56,24,0,102,57,160,0,160,160,0,0,1
SPARC-L,B4-r12,F3,80,480,0.966252,0.958124,0.974679,0.970847,0.966647,4.23303e-11,8.46605e-11,0.040988,65,15,0,301,179,480,0,480,480,0,0,1
SPARC-L,B4-r12,MA-AT-25-5-50,20,280,0.957311,0.94996,0.964607,0.954923,0.957209,8.78412e-10,1.75682e-09,0.0182379,20,0,0,212,68,280,0,280,280,0,0,1
SPARC-L,B4-r12,MA-AT-25-5-50|F1,20,120,0.958699,0.950158,0.967761,0.956365,0.957894,2.08325e-08,4.16649e-08,0.0215068,20,0,0,100,20,120,0,120,120,0,0,1
SPARC-L,B4-r12,MA-AT-25-5-50|F2,20,40,0.947623,0.931341,0.964837,0.943079,0.949006,6.99412e-06,1.39882e-05,0.0415364,18,2,0,32,8,40,0,40,40,0,0,1
SPARC-L,B4-r12,MA-AT-25-5-50|F3,20,120,0.959172,0.944592,0.973855,0.962254,0.958778,2.77308e-05,5.54616e-05,0.0361154,18,2,0,80,40,120,0,120,120,0,0,1
SPARC-L,B4-r12,MA-AT-50-5-50,20,280,0.973181,0.962019,0.984777,0.975102,0.973072,0.000124685,0.00024937,0.0270617,17,3,0,184,95,280,0,280,280,0,0,1
SPARC-L,B4-r12,MA-AT-50-5-50|F1,20,120,0.983177,0.971044,0.994908,0.982429,0.984417,0.00735123,0.0147025,0.0282742,14,6,0,76,43,120,0,120,120,0,0,1
SPARC-L,B4-r12,MA-AT-50-5-50|F2,20,40,0.986469,0.964144,1.00989,0.983799,0.986282,0.139515,0.279031,0.054673,11,9,0,25,15,40,0,40,40,0,0,1
SPARC-L,B4-r12,MA-AT-50-5-50|F3,20,120,0.958942,0.937764,0.981204,0.949921,0.957934,0.00101268,0.00202536,0.0524628,16,4,0,83,37,120,0,120,120,0,0,1
SPARC-L,B4-r12,SA-AT-50-5-50,20,280,0.977452,0.96861,0.986483,0.981757,0.976855,6.72559e-05,0.000134512,0.021402,18,2,0,179,101,280,0,280,280,0,0,1
SPARC-L,B4-r12,SA-AT-50-5-50|F1,20,120,0.977253,0.968901,0.985849,0.97613,0.976428,3.6656e-05,7.3312e-05,0.0204317,18,2,0,81,39,120,0,120,120,0,0,1
SPARC-L,B4-r12,SA-AT-50-5-50|F2,20,40,0.975801,0.961499,0.992283,0.964802,0.9695,0.00419177,0.00838355,0.0372485,16,4,0,26,14,40,0,40,40,0,0,1
SPARC-L,B4-r12,SA-AT-50-5-50|F3,20,120,0.978202,0.962236,0.99303,0.992211,0.982224,0.00823421,0.0164684,0.037466,14,6,0,72,48,120,0,120,120,0,0,1
SPARC-L,B4-r12,SA-BT-50-5-50,20,280,0.981248,0.974289,0.989086,0.976904,0.979699,5.93529e-05,0.000118706,0.0175596,17,3,0,145,106,280,0,280,280,0,0,1
SPARC-L,B4-r12,SA-BT-50-5-50|F1,20,120,0.991709,0.987305,0.996839,0.99029,0.99026,0.00201945,0.00403889,0.0113908,17,3,0,60,32,120,0,120,120,0,0,1
SPARC-L,B4-r12,SA-BT-50-5-50|F2,20,40,0.987572,0.964111,1.00926,0.997399,0.993898,0.158146,0.316292,0.0543407,11,9,0,19,20,40,0,40,40,0,0,1
SPARC-L,B4-r12,SA-BT-50-5-50|F3,20,120,0.968822,0.954109,0.983537,0.970302,0.968971,0.000364937,0.000729874,0.035226,17,3,0,66,54,120,0,120,120,0,0,1
SPARC-L,B4-r12,F1-R1,80,160,0.978288,0.971233,0.98531,0.987613,0.981079,1.76969e-07,3.53938e-07,0.0353118,59,20,1,105,47,160,0,160,160,0,0,1
SPARC-L,B4-r12,F1-R2,80,160,0.980141,0.972512,0.987746,0.981759,0.980758,2.36181e-06,4.72361e-06,0.0365048,58,22,0,106,53,160,0,160,160,0,0,1
SPARC-L,B4-r12,F1-R3,80,160,0.974482,0.968303,0.980392,0.975845,0.975808,1.37203e-09,2.74406e-09,0.0344907,60,15,5,106,34,160,0,160,160,0,0,1
SPARC-L,B4-r12,F2-R2N3,80,160,0.974231,0.9643,0.984177,0.971622,0.974611,5.23445e-06,1.04689e-05,0.0495864,56,24,0,102,57,160,0,160,160,0,0,1
SPARC-L,B4-r12,F3-pf0.1,80,160,0.964974,0.949467,0.981177,0.973019,0.968417,3.975e-05,7.95e-05,0.0766073,58,22,0,99,61,160,0,160,160,0,0,1
SPARC-L,B4-r12,F3-pf0.2,80,160,0.974348,0.960144,0.988835,0.963969,0.97276,0.000742526,0.00148505,0.0705872,51,29,0,90,70,160,0,160,160,0,0,1
SPARC-L,B4-r12,F3-pf0.2-R2,80,160,0.959492,0.94731,0.97165,0.959344,0.960225,1.07136e-08,2.14271e-08,0.0593895,58,22,0,112,48,160,0,160,160,0,0,1
SPARC-L,B4-r12,F1-F3 family-balanced,80,240,0.972694,0.968063,0.977487,0.971229,0.97248,7.31383e-16,1.46277e-15,0.0249206,69,11,0,190,50,1120,0,,,,,
SPARC-L,ins-only,F1-F3,80,1120,0.859847,0.850951,0.868673,0.855655,0.860628,6.79813e-32,1.35963e-31,0.0700859,80,0,0,991,108,1120,0,1120,1120,0,0,1
SPARC-L,ins-only,F1,80,480,0.896204,0.88463,0.907654,0.900034,0.901253,5.92825e-18,1.18565e-17,0.0888986,79,1,0,405,55,480,0,480,480,0,0,1
SPARC-L,ins-only,F2,80,160,0.850857,0.832998,0.868019,0.855216,0.855174,5.36943e-20,1.07389e-19,0.119253,73,7,0,141,19,160,0,160,160,0,0,1
SPARC-L,ins-only,F3,80,480,0.82786,0.816747,0.83895,0.831125,0.828444,4.57401e-38,9.14801e-38,0.0710299,80,0,0,445,34,480,0,480,480,0,0,1
SPARC-L,ins-only,MA-AT-25-5-50,20,280,0.809231,0.788516,0.831316,0.807175,0.807088,1.98703e-12,3.97405e-12,0.061952,20,0,0,270,10,280,0,280,280,0,0,1
SPARC-L,ins-only,MA-AT-25-5-50|F1,20,120,0.815502,0.787733,0.845385,0.811756,0.81477,4.94315e-10,9.8863e-10,0.0823409,20,0,0,116,4,120,0,120,120,0,0,1
SPARC-L,ins-only,MA-AT-25-5-50|F2,20,40,0.77907,0.742489,0.816271,0.78326,0.780659,2.99655e-09,5.99311e-09,0.112554,20,0,0,40,0,40,0,40,40,0,0,1
SPARC-L,ins-only,MA-AT-25-5-50|F3,20,120,0.81324,0.794108,0.832682,0.800327,0.81229,4.52225e-13,9.04449e-13,0.0556615,20,0,0,114,6,120,0,120,120,0,0,1
SPARC-L,ins-only,MA-AT-50-5-50,20,280,0.877177,0.857005,0.897913,0.880209,0.878512,7.95232e-10,1.59046e-09,0.054453,20,0,0,244,35,280,0,280,280,0,0,1
SPARC-L,ins-only,MA-AT-50-5-50|F1,20,120,0.918065,0.886974,0.94735,0.937764,0.925731,4.18937e-05,8.37875e-05,0.0768228,20,0,0,102,17,120,0,120,120,0,0,1
SPARC-L,ins-only,MA-AT-50-5-50|F2,20,40,0.881457,0.834311,0.92761,0.895064,0.888294,0.000105308,0.000210617,0.123557,16,4,0,32,8,40,0,40,40,0,0,1
SPARC-L,ins-only,MA-AT-50-5-50|F3,20,120,0.83675,0.814463,0.86025,0.836752,0.835376,6.85657e-11,1.37131e-10,0.0639766,20,0,0,110,10,120,0,120,120,0,0,1
SPARC-L,ins-only,SA-AT-50-5-50,20,280,0.831508,0.81844,0.844086,0.830503,0.83287,1.17555e-15,2.3511e-15,0.0357772,20,0,0,269,11,280,0,280,280,0,0,1
SPARC-L,ins-only,SA-AT-50-5-50|F1,20,120,0.880415,0.866493,0.894088,0.879485,0.882385,1.6958e-12,3.39159e-12,0.0369432,20,0,0,114,6,120,0,120,120,0,0,1
SPARC-L,ins-only,SA-AT-50-5-50|F2,20,40,0.813068,0.785055,0.839678,0.827886,0.817111,1.70845e-10,3.41691e-10,0.0783986,20,0,0,39,1,40,0,40,40,0,0,1
SPARC-L,ins-only,SA-AT-50-5-50|F3,20,120,0.791211,0.767208,0.814145,0.807953,0.794554,1.83986e-12,3.67971e-12,0.0682448,20,0,0,116,4,120,0,120,120,0,0,1
SPARC-L,ins-only,SA-BT-50-5-50,20,280,0.926102,0.91336,0.93891,0.927731,0.927539,1.1501e-09,2.3002e-09,0.0326259,20,0,0,208,52,280,0,280,280,0,0,1
SPARC-L,ins-only,SA-BT-50-5-50|F1,20,120,0.978682,0.970979,0.986397,0.981041,0.979812,2.28192e-05,4.56385e-05,0.0183561,19,1,0,73,28,120,0,120,120,0,0,1
SPARC-L,ins-only,SA-BT-50-5-50|F2,20,40,0.938688,0.916116,0.961064,0.949965,0.940831,4.13886e-05,8.27771e-05,0.0567974,17,3,0,30,10,40,0,40,40,0,0,1
SPARC-L,ins-only,SA-BT-50-5-50|F3,20,120,0.872412,0.850473,0.89514,0.870484,0.870775,2.1045e-09,4.20899e-09,0.0602024,20,0,0,105,14,120,0,120,120,0,0,1
SPARC-L,ins-only,F1-R1,80,160,0.915082,0.901033,0.928917,0.937828,0.926167,1.64284e-13,3.28568e-13,0.0909258,72,7,1,136,18,160,0,160,160,0,0,1
SPARC-L,ins-only,F1-R2,80,160,0.87069,0.853554,0.886886,0.874546,0.877946,6.48808e-17,1.29762e-16,0.118156,70,10,0,139,20,160,0,160,160,0,0,1
SPARC-L,ins-only,F1-R3,80,160,0.903435,0.891093,0.916037,0.918666,0.905327,2.74472e-15,5.48943e-15,0.0942152,69,8,3,130,17,160,0,160,160,0,0,1
SPARC-L,ins-only,F2-R2N3,80,160,0.850857,0.832998,0.868019,0.855216,0.855174,5.36943e-20,1.07389e-19,0.119253,73,7,0,141,19,160,0,160,160,0,0,1
SPARC-L,ins-only,F3-pf0.1,80,160,0.860483,0.845045,0.876496,0.854013,0.857463,4.57382e-26,9.14764e-26,0.0863965,77,3,0,142,17,160,0,160,160,0,0,1
SPARC-L,ins-only,F3-pf0.2,80,160,0.810946,0.794454,0.827613,0.809261,0.808811,2.3548e-30,4.70959e-30,0.102743,78,2,0,153,7,160,0,160,160,0,0,1
SPARC-L,ins-only,F3-pf0.2-R2,80,160,0.813087,0.79491,0.831153,0.80831,0.815075,1.47335e-26,2.9467e-26,0.116749,78,2,0,150,10,160,0,160,160,0,0,1
SPARC-L,ins-only,F1-F3 family-balanced,80,240,0.857841,0.847843,0.867804,0.855174,0.859392,1.66388e-29,3.32776e-29,0.0775248,80,0,0,232,8,1120,0,,,,,
SPARC-L,every-event,F1-F3,80,1120,1.00982,1.00523,1.01454,1.00766,1.00944,0.999935,0.000130775,0.0217191,26,54,0,466,583,1120,0,1120,1120,0,0,1
SPARC-L,every-event,F1,80,480,1.00131,0.998128,1.00459,1.00101,1.00133,0.776406,0.447188,0.0153201,37,43,0,201,220,480,0,480,480,0,0,1
SPARC-L,every-event,F2,80,160,1.00779,0.997929,1.01776,1.00372,1.00725,0.932787,0.134426,0.0459036,35,45,0,70,84,160,0,160,160,0,0,1
SPARC-L,every-event,F3,80,480,1.01908,1.00973,1.02889,1.01338,1.01873,0.999879,0.00024157,0.043944,27,53,0,195,279,480,0,480,480,0,0,1
SPARC-L,every-event,MA-AT-25-5-50,20,280,1.00677,0.994666,1.01886,1.00693,1.00749,0.850945,0.29811,0.0281962,8,12,0,129,150,280,0,280,280,0,0,1
SPARC-L,every-event,MA-AT-25-5-50|F1,20,120,1.00035,0.991858,1.00879,1.00324,1.00117,0.531242,0.937516,0.0197349,9,11,0,63,57,120,0,120,120,0,0,1
SPARC-L,every-event,MA-AT-25-5-50|F2,20,40,0.993527,0.976291,1.01023,0.993497,0.993477,0.239455,0.478909,0.0402084,12,8,0,20,19,40,0,40,40,0,0,1
SPARC-L,every-event,MA-AT-25-5-50|F3,20,120,1.01771,0.993296,1.0412,1.02743,1.02266,0.91358,0.17284,0.0554192,7,13,0,46,74,120,0,120,120,0,0,1
SPARC-L,every-event,MA-AT-50-5-50,20,280,1.01319,1.00303,1.02393,1.01393,1.01298,0.987949,0.0241021,0.0239146,6,14,0,117,146,280,0,280,280,0,0,1
SPARC-L,every-event,MA-AT-50-5-50|F1,20,120,1.00201,0.996394,1.00772,1.00113,1.00214,0.746784,0.506433,0.0132637,8,12,0,49,57,120,0,120,120,0,0,1
SPARC-L,every-event,MA-AT-50-5-50|F2,20,40,1.01849,0.996688,1.04018,1.02454,1.01969,0.940574,0.118852,0.050176,7,13,0,16,21,40,0,40,40,0,0,1
SPARC-L,every-event,MA-AT-50-5-50|F3,20,120,1.02272,1.00138,1.04419,1.02592,1.02339,0.973366,0.0532671,0.0487462,6,14,0,52,68,120,0,120,120,0,0,1
SPARC-L,every-event,SA-AT-50-5-50,20,280,1.01484,1.00719,1.02305,1.00948,1.01464,0.999152,0.00169661,0.0180394,4,16,0,118,162,280,0,280,280,0,0,1
SPARC-L,every-event,SA-AT-50-5-50|F1,20,120,1.00714,1.00114,1.01435,1.00687,1.00609,0.975039,0.0499212,0.0151941,6,14,0,49,71,120,0,120,120,0,0,1
SPARC-L,every-event,SA-AT-50-5-50|F2,20,40,1.01053,0.995744,1.02759,1.00329,1.00431,0.890202,0.219596,0.0369143,8,12,0,19,21,40,0,40,40,0,0,1
SPARC-L,every-event,SA-AT-50-5-50|F3,20,120,1.02405,1.00884,1.04122,1.00973,1.02141,0.995094,0.00981175,0.0370336,4,16,0,50,70,120,0,120,120,0,0,1
SPARC-L,every-event,SA-BT-50-5-50,20,280,1.0045,0.998665,1.0106,1.00449,1.00434,0.918094,0.163813,0.0138724,8,12,0,102,125,280,0,280,280,0,0,1
SPARC-L,every-event,SA-BT-50-5-50|F1,20,120,0.99577,0.991272,1.00027,0.99697,0.996385,0.0434568,0.0869136,0.0105013,14,6,0,40,35,120,0,120,120,0,0,1
SPARC-L,every-event,SA-BT-50-5-50|F2,20,40,1.00877,0.986062,1.03248,1.01621,1.0107,0.760621,0.478758,0.0540747,8,12,0,15,23,40,0,40,40,0,0,1
SPARC-L,every-event,SA-BT-50-5-50|F3,20,120,1.01188,0.998285,1.02745,0.998257,1.00652,0.934715,0.130569,0.0334239,10,10,0,47,67,120,0,120,120,0,0,1
SPARC-L,every-event,F1-R1,80,160,0.995963,0.991058,1.00095,0.996144,0.996154,0.0644152,0.12883,0.023573,48,30,2,85,65,160,0,160,160,0,0,1
SPARC-L,every-event,F1-R2,80,160,1.00448,0.99754,1.01141,1.003,1.00531,0.88681,0.226381,0.0327969,31,45,4,57,85,160,0,160,160,0,0,1
SPARC-L,every-event,F1-R3,80,160,1.00351,0.997974,1.00935,1,1.00231,0.880326,0.239348,0.0264031,36,37,7,59,70,160,0,160,160,0,0,1
SPARC-L,every-event,F2-R2N3,80,160,1.00779,0.997929,1.01776,1.00372,1.00725,0.932787,0.134426,0.0459036,35,45,0,70,84,160,0,160,160,0,0,1
SPARC-L,every-event,F3-pf0.1,80,160,1.02918,1.01225,1.04709,1.0267,1.0256,0.999168,0.00166418,0.0789959,27,53,0,56,102,160,0,160,160,0,0,1
SPARC-L,every-event,F3-pf0.2,80,160,1.03098,1.01673,1.04564,1.02754,1.0291,0.999961,7.87595e-05,0.0655126,25,55,0,59,101,160,0,160,160,0,0,1
SPARC-L,every-event,F3-pf0.2-R2,80,160,0.997427,0.983915,1.01097,1.00633,0.999956,0.356605,0.71321,0.0624806,35,45,0,80,76,160,0,160,160,0,0,1
SPARC-L,every-event,F1-F3 family-balanced,80,240,1.00937,1.00479,1.01395,1.00959,1.00937,0.999895,0.000209026,0.0214444,27,53,0,99,141,1120,0,,,,,
SPARC-L,open-loop,F1-F3,80,1120,0.882688,0.875334,0.889873,0.871758,0.883365,2.62231e-34,5.24462e-34,0.0532554,80,0,0,980,107,1120,0,1120,1120,0,0,1
SPARC-L,open-loop,F1,80,480,0.922145,0.914532,0.929474,0.920493,0.922921,4.2594e-21,8.51879e-21,0.0570277,78,2,0,399,59,480,0,480,480,0,0,1
SPARC-L,open-loop,F2,80,160,0.888026,0.875066,0.90099,0.879788,0.887688,7.42334e-21,1.48467e-20,0.0844308,73,7,0,134,25,160,0,160,160,0,0,1
SPARC-L,open-loop,F3,80,480,0.843222,0.832289,0.854082,0.848906,0.843116,2.38167e-35,4.76333e-35,0.0702344,79,1,0,447,23,480,0,480,480,0,0,1
SPARC-L,open-loop,MA-AT-25-5-50,20,280,0.872498,0.859679,0.886522,0.862667,0.870142,3.25851e-13,6.51702e-13,0.0360562,20,0,0,261,15,280,0,280,280,0,0,1
SPARC-L,open-loop,MA-AT-25-5-50|F1,20,120,0.888111,0.872326,0.905337,0.882228,0.885765,1.08238e-10,2.16476e-10,0.0437541,20,0,0,111,9,120,0,120,120,0,0,1
SPARC-L,open-loop,MA-AT-25-5-50|F2,20,40,0.845788,0.818957,0.87297,0.854811,0.850769,2.53694e-09,5.07388e-09,0.0747324,20,0,0,38,2,40,0,40,40,0,0,1
SPARC-L,open-loop,MA-AT-25-5-50|F3,20,120,0.866088,0.843647,0.888833,0.87127,0.866463,9.14142e-10,1.82828e-09,0.0602478,20,0,0,112,4,120,0,120,120,0,0,1
SPARC-L,open-loop,MA-AT-50-5-50,20,280,0.892264,0.870826,0.914859,0.885344,0.893643,1.75874e-08,3.51748e-08,0.0574923,20,0,0,240,37,280,0,280,280,0,0,1
SPARC-L,open-loop,MA-AT-50-5-50|F1,20,120,0.942602,0.920564,0.963963,0.944378,0.947438,4.70844e-05,9.41688e-05,0.0536835,19,1,0,98,21,120,0,120,120,0,0,1
SPARC-L,open-loop,MA-AT-50-5-50|F2,20,40,0.915338,0.883749,0.948398,0.907671,0.914692,6.58087e-05,0.000131617,0.082848,16,4,0,30,10,40,0,40,40,0,0,1
SPARC-L,open-loop,MA-AT-50-5-50|F3,20,120,0.837456,0.810755,0.86518,0.853023,0.835398,1.13589e-09,2.27177e-09,0.075328,20,0,0,112,6,120,0,120,120,0,0,1
SPARC-L,open-loop,SA-AT-50-5-50,20,280,0.839698,0.830495,0.849374,0.834382,0.838923,1.29187e-17,2.58373e-17,0.0265476,20,0,0,272,7,280,0,280,280,0,0,1
SPARC-L,open-loop,SA-AT-50-5-50|F1,20,120,0.882657,0.872852,0.893051,0.88296,0.88279,9.22174e-15,1.84435e-14,0.0270853,20,0,0,115,5,120,0,120,120,0,0,1
SPARC-L,open-loop,SA-AT-50-5-50|F2,20,40,0.846238,0.822985,0.865809,0.865639,0.854379,6.57632e-11,1.31526e-10,0.0597825,20,0,0,40,0,40,0,40,40,0,0,1
SPARC-L,open-loop,SA-AT-50-5-50|F3,20,120,0.796766,0.780992,0.813679,0.790844,0.795047,6.3281e-15,1.26562e-14,0.0482928,20,0,0,117,2,120,0,120,120,0,0,1
SPARC-L,open-loop,SA-BT-50-5-50,20,280,0.92864,0.916363,0.940042,0.934065,0.932774,4.46164e-10,8.92327e-10,0.0297054,20,0,0,207,48,280,0,280,280,0,0,1
SPARC-L,open-loop,SA-BT-50-5-50|F1,20,120,0.97861,0.971729,0.985219,0.982552,0.978754,4.80145e-06,9.6029e-06,0.0162011,19,1,0,75,24,120,0,120,120,0,0,1
SPARC-L,open-loop,SA-BT-50-5-50|F2,20,40,0.949223,0.926008,0.971028,0.956014,0.953678,0.000224954,0.000449908,0.0550528,17,3,0,26,13,40,0,40,40,0,0,1
SPARC-L,open-loop,SA-BT-50-5-50|F3,20,120,0.874806,0.852847,0.89572,0.883201,0.877509,1.2597e-09,2.5194e-09,0.0571599,19,1,0,106,11,120,0,120,120,0,0,1
SPARC-L,open-loop,F1-R1,80,160,0.950485,0.943235,0.957616,0.951844,0.952187,4.45964e-18,8.91929e-18,0.0409538,72,7,1,131,21,160,0,160,160,0,0,1
SPARC-L,open-loop,F1-R2,80,160,0.892332,0.878437,0.906519,0.907647,0.896586,3.67877e-17,7.35755e-17,0.0960285,73,7,0,139,19,160,0,160,160,0,0,1
SPARC-L,open-loop,F1-R3,80,160,0.924541,0.91341,0.935016,0.932165,0.926994,2.4352e-15,4.87041e-15,0.0725891,69,8,3,129,19,160,0,160,160,0,0,1
SPARC-L,open-loop,F2-R2N3,80,160,0.888026,0.875066,0.90099,0.879788,0.887688,7.42334e-21,1.48467e-20,0.0844308,73,7,0,134,25,160,0,160,160,0,0,1
SPARC-L,open-loop,F3-pf0.1,80,160,0.863247,0.848506,0.878029,0.876711,0.867727,1.58424e-25,3.16849e-25,0.0863368,79,1,0,148,5,160,0,160,160,0,0,1
SPARC-L,open-loop,F3-pf0.2,80,160,0.817481,0.801647,0.833755,0.816228,0.815314,1.43326e-30,2.86652e-30,0.0980451,78,2,0,150,7,160,0,160,160,0,0,1
SPARC-L,open-loop,F3-pf0.2-R2,80,160,0.849596,0.834198,0.865376,0.85233,0.850636,1.21656e-25,2.43311e-25,0.0952696,76,4,0,149,11,160,0,160,160,0,0,1
SPARC-L,open-loop,F1-F3 family-balanced,80,240,0.883871,0.876227,0.891518,0.872801,0.883326,1.20882e-32,2.41763e-32,0.055807,80,0,0,230,10,1120,0,,,,,
SPARC-L,B5,F1-F3,80,1120,0.991409,0.987665,0.995044,0.992371,0.992123,1.9473e-05,3.8946e-05,0.0177043,55,25,0,459,366,1120,0,1120,1120,0,0,1
SPARC-L,B5,F1,80,480,0.995329,0.992326,0.998361,0.999529,0.996756,0.00688917,0.0137783,0.0166236,41,34,5,133,115,480,0,480,480,0,0,1
SPARC-L,B5,F2,80,160,0.982752,0.973694,0.99135,0.986025,0.98433,0.000400296,0.000800591,0.0446252,49,29,2,91,58,160,0,160,160,0,0,1
SPARC-L,B5,F3,80,480,0.990395,0.982537,0.997929,0.990772,0.990366,0.0098936,0.0197872,0.0362905,50,30,0,235,193,480,0,480,480,0,0,1
SPARC-L,B5,MA-AT-25-5-50,20,280,0.991336,0.985496,0.996903,0.991901,0.99192,0.00440582,0.00881165,0.0133335,15,5,0,120,91,280,0,280,280,0,0,1
SPARC-L,B5,MA-AT-25-5-50|F1,20,120,0.997811,0.990817,1.00447,0.99909,0.998233,0.270888,0.541776,0.0157734,10,9,1,42,37,120,0,120,120,0,0,1
SPARC-L,B5,MA-AT-25-5-50|F2,20,40,0.970494,0.953249,0.987161,0.983213,0.97018,0.00176023,0.00352046,0.0402238,15,5,0,24,14,40,0,40,40,0,0,1
SPARC-L,B5,MA-AT-25-5-50|F3,20,120,0.991904,0.979648,1.00347,0.993854,0.993631,0.107123,0.214246,0.028292,11,9,0,54,40,120,0,120,120,0,0,1
SPARC-L,B5,MA-AT-50-5-50,20,280,0.999107,0.991117,1.00714,0.996495,0.999078,0.415976,0.831951,0.0185731,11,9,0,88,102,280,0,280,280,0,0,1
SPARC-L,B5,MA-AT-50-5-50|F1,20,120,1.00022,0.9956,1.00474,1,1.00016,0.535889,0.928221,0.0107679,9,9,2,20,25,120,0,120,120,0,0,1
SPARC-L,B5,MA-AT-50-5-50|F2,20,40,1.00033,0.975874,1.02178,1.0078,1.00569,0.510694,0.978612,0.053608,7,12,1,19,18,40,0,40,40,0,0,1
SPARC-L,B5,MA-AT-50-5-50|F3,20,120,0.99759,0.981902,1.01387,0.994758,0.996355,0.388037,0.776073,0.0374043,11,9,0,49,59,120,0,120,120,0,0,1
SPARC-L,B5,SA-AT-50-5-50,20,280,0.983726,0.974327,0.99267,0.988547,0.984538,0.00164316,0.00328632,0.0218362,14,6,0,152,92,280,0,280,280,0,0,1
SPARC-L,B5,SA-AT-50-5-50|F1,20,120,0.979699,0.972201,0.987058,0.979691,0.979877,2.45597e-05,4.91194e-05,0.0175826,17,3,0,59,27,120,0,120,120,0,0,1
SPARC-L,B5,SA-AT-50-5-50|F2,20,40,0.960377,0.946209,0.974517,0.96706,0.959873,2.21145e-05,4.42291e-05,0.0343475,18,2,0,30,9,40,0,40,40,0,0,1
SPARC-L,B5,SA-AT-50-5-50|F3,20,120,0.995711,0.976013,1.01574,0.989158,0.995321,0.342763,0.685526,0.0467445,11,9,0,63,56,120,0,120,120,0,0,1
SPARC-L,B5,SA-BT-50-5-50,20,280,0.991525,0.985776,0.997066,0.993678,0.992025,0.00499972,0.00999944,0.0133044,15,5,0,99,81,280,0,280,280,0,0,1
SPARC-L,B5,SA-BT-50-5-50|F1,20,120,1.00376,0.999326,1.00826,1.00248,1.00328,0.941251,0.117498,0.0102333,5,13,2,12,26,120,0,120,120,0,0,1
SPARC-L,B5,SA-BT-50-5-50|F2,20,40,1.00046,0.985924,1.01531,1.0003,1.0005,0.523246,0.953508,0.0348992,9,10,1,18,17,40,0,40,40,0,0,1
SPARC-L,B5,SA-BT-50-5-50|F3,20,120,0.976515,0.964316,0.987881,0.983599,0.980228,0.000644865,0.00128973,0.0281769,17,3,0,69,38,120,0,120,120,0,0,1
SPARC-L,B5,F1-R1,80,160,0.998068,0.996093,0.999784,1,1,0.026254,0.0525079,0.00878457,12,4,64,12,6,160,0,160,160,0,0,1
SPARC-L,B5,F1-R2,80,160,0.995133,0.988254,1.00182,1,0.997554,0.103987,0.207973,0.0343748,37,38,5,70,73,160,0,160,160,0,0,1
SPARC-L,B5,F1-R3,80,160,0.992792,0.987148,0.998368,1,0.996827,0.0137456,0.0274913,0.0288073,33,17,30,51,36,160,0,160,160,0,0,1
SPARC-L,B5,F2-R2N3,80,160,0.982752,0.973694,0.99135,0.986025,0.98433,0.000400296,0.000800591,0.0446252,49,29,2,91,58,160,0,160,160,0,0,1
SPARC-L,B5,F3-pf0.1,80,160,0.984485,0.974963,0.994352,0.987543,0.982665,0.00222968,0.00445936,0.0477699,52,23,5,80,48,160,0,160,160,0,0,1
SPARC-L,B5,F3-pf0.2,80,160,0.989264,0.976305,1.00272,0.991226,0.988615,0.0596232,0.119246,0.0613,44,35,1,80,67,160,0,160,160,0,0,1
SPARC-L,B5,F3-pf0.2-R2,80,160,0.99748,0.985654,1.00906,0.997531,0.998432,0.342536,0.685071,0.0554473,41,37,2,75,78,160,0,160,160,0,0,1
SPARC-L,B5,F1-F3 family-balanced,80,240,0.989478,0.985494,0.993239,0.990836,0.990111,3.12566e-06,6.25133e-06,0.0195353,58,22,0,140,93,1120,0,,,,,
SPARC-L,SPARC-H,F1-F3,80,1120,1.02291,1.0181,1.02768,1.02423,1.02369,1,7.57733e-13,0.0237148,12,68,0,423,654,1120,0,1120,1120,0,0,1
SPARC-L,SPARC-H,F1,80,480,1.00943,1.00538,1.01336,1.00779,1.0094,0.99998,3.91381e-05,0.0192645,28,52,0,184,253,480,0,480,480,0,0,1
SPARC-L,SPARC-H,F2,80,160,1.01669,1.00585,1.02707,1.01837,1.01804,0.998162,0.00367538,0.049439,25,55,0,69,91,160,0,160,160,0,0,1
SPARC-L,SPARC-H,F3,80,480,1.03868,1.02927,1.048,1.04454,1.04156,1,2.88224e-11,0.0438988,12,68,0,170,310,480,0,480,480,0,0,1
SPARC-L,SPARC-H,MA-AT-25-5-50,20,280,1.02438,1.0134,1.03566,1.02344,1.02406,0.999775,0.00045025,0.0254466,3,17,0,110,170,280,0,280,280,0,0,1
SPARC-L,SPARC-H,MA-AT-25-5-50|F1,20,120,1.0136,1.00317,1.02267,1.01637,1.01557,0.992014,0.0159728,0.0228485,4,16,0,46,74,120,0,120,120,0,0,1
SPARC-L,SPARC-H,MA-AT-25-5-50|F2,20,40,1.02342,0.997054,1.04948,1.01598,1.02233,0.951549,0.0969021,0.0592959,6,14,0,17,23,40,0,40,40,0,0,1
SPARC-L,SPARC-H,MA-AT-25-5-50|F3,20,120,1.03559,1.01624,1.05544,1.03472,1.03611,0.998789,0.00242225,0.0447426,5,15,0,47,73,120,0,120,120,0,0,1
SPARC-L,SPARC-H,MA-AT-50-5-50,20,280,1.02369,1.01404,1.03154,1.02762,1.02634,0.999978,4.39046e-05,0.0198796,1,19,0,105,167,280,0,280,280,0,0,1
SPARC-L,SPARC-H,MA-AT-50-5-50|F1,20,120,1.00943,1.00309,1.01607,1.00753,1.00889,0.993741,0.0125184,0.0152117,8,12,0,51,61,120,0,120,120,0,0,1
SPARC-L,SPARC-H,MA-AT-50-5-50|F2,20,40,1.02086,0.999245,1.04084,1.0246,1.02536,0.967533,0.0649346,0.047137,5,15,0,17,23,40,0,40,40,0,0,1
SPARC-L,SPARC-H,MA-AT-50-5-50|F3,20,120,1.03912,1.01753,1.05617,1.04583,1.04476,0.999572,0.000855442,0.0434227,1,19,0,37,83,120,0,120,120,0,0,1
SPARC-L,SPARC-H,SA-AT-50-5-50,20,280,1.0353,1.02676,1.04424,1.02733,1.03364,1,2.18958e-07,0.019749,0,20,0,80,200,280,0,280,280,0,0,1
SPARC-L,SPARC-H,SA-AT-50-5-50|F1,20,120,1.01634,1.0076,1.02491,1.01901,1.01596,0.999071,0.00185758,0.0200714,5,15,0,38,82,120,0,120,120,0,0,1
SPARC-L,SPARC-H,SA-AT-50-5-50|F2,20,40,1.03156,1.01803,1.04669,1.01928,1.02749,0.999785,0.000429683,0.0326654,3,17,0,11,29,40,0,40,40,0,0,1
SPARC-L,SPARC-H,SA-AT-50-5-50|F3,20,120,1.0559,1.04065,1.07208,1.04897,1.05395,0.999999,1.10194e-06,0.0346483,0,20,0,31,89,120,0,120,120,0,0,1
SPARC-L,SPARC-H,SA-BT-50-5-50,20,280,1.00845,0.99814,1.01826,1.01546,1.00983,0.939607,0.120786,0.0231692,8,12,0,128,117,280,0,280,280,0,0,1
SPARC-L,SPARC-H,SA-BT-50-5-50|F1,20,120,0.99844,0.992612,1.00454,0.998327,0.998042,0.310871,0.621742,0.0139169,11,9,0,49,36,120,0,120,120,0,0,1
SPARC-L,SPARC-H,SA-BT-50-5-50|F2,20,40,0.991361,0.970541,1.01237,0.98893,0.992288,0.219183,0.438366,0.0490159,11,9,0,24,16,40,0,40,40,0,0,1
SPARC-L,SPARC-H,SA-BT-50-5-50|F3,20,120,1.02438,1.00241,1.04556,1.03004,1.0279,0.979233,0.0415337,0.0492793,6,14,0,55,65,120,0,120,120,0,0,1
SPARC-L,SPARC-H,F1-R1,80,160,1.01474,1.00888,1.02076,1.00655,1.01332,0.999984,3.24925e-05,0.0296911,29,51,0,58,97,160,0,160,160,0,0,1
SPARC-L,SPARC-H,F1-R2,80,160,1.01229,1.00458,1.0202,1.01714,1.01252,0.998101,0.00379796,0.0366211,31,49,0,65,94,160,0,160,160,0,0,1
SPARC-L,SPARC-H,F1-R3,80,160,1.00131,0.995222,1.00723,1,1.00267,0.657668,0.684664,0.0287895,30,38,12,61,62,160,0,160,160,0,0,1
SPARC-L,SPARC-H,F2-R2N3,80,160,1.01669,1.00585,1.02707,1.01837,1.01804,0.998162,0.00367538,0.049439,25,55,0,69,91,160,0,160,160,0,0,1
SPARC-L,SPARC-H,F3-pf0.1,80,160,1.04501,1.03112,1.05872,1.04699,1.04626,1,2.33373e-08,0.0634312,19,61,0,50,110,160,0,160,160,0,0,1
SPARC-L,SPARC-H,F3-pf0.2,80,160,1.04985,1.0347,1.06537,1.05043,1.04814,1,1.37867e-08,0.0687311,18,62,0,51,109,160,0,160,160,0,0,1
SPARC-L,SPARC-H,F3-pf0.2-R2,80,160,1.02142,1.00659,1.03634,1.0116,1.02149,0.994575,0.0108504,0.072642,31,49,0,69,91,160,0,160,160,0,0,1
SPARC-L,SPARC-H,F1-F3 family-balanced,80,240,1.02152,1.01664,1.0265,1.02259,1.02171,1,2.92864e-11,0.0246434,16,64,0,65,175,1120,0,,,,,
SPARC-L,SPARC-rk,F1-F3,80,1120,1.01346,1.0081,1.01889,1.0111,1.01124,0.999948,0.000104216,0.0292563,27,53,0,416,597,1120,0,1120,1120,0,0,1
SPARC-L,SPARC-rk,F1,80,480,1.00704,1.00259,1.01164,1.00234,1.00383,0.994466,0.0110676,0.0241294,37,43,0,172,223,480,0,480,480,0,0,1
SPARC-L,SPARC-rk,F2,80,160,1.01425,1.00459,1.02386,1.0128,1.01379,0.99524,0.00951923,0.0476149,31,49,0,68,88,160,0,160,160,0,0,1
SPARC-L,SPARC-rk,F3,80,480,1.01965,1.01088,1.0284,1.01681,1.01944,0.99986,0.000280467,0.0457663,28,52,0,176,286,480,0,480,480,0,0,1
SPARC-L,SPARC-rk,MA-AT-25-5-50,20,280,1.03605,1.02113,1.05141,1.02681,1.03642,0.999919,0.000162741,0.0338313,3,17,0,78,193,280,0,280,280,0,0,1
SPARC-L,SPARC-rk,MA-AT-25-5-50|F1,20,120,1.02607,1.01255,1.03983,1.01397,1.02725,0.999228,0.00154333,0.0311587,7,13,0,39,79,120,0,120,120,0,0,1
SPARC-L,SPARC-rk,MA-AT-25-5-50|F2,20,40,1.04084,1.01636,1.06559,1.03606,1.03984,0.997977,0.00404593,0.0547786,5,15,0,11,29,40,0,40,40,0,0,1
SPARC-L,SPARC-rk,MA-AT-25-5-50|F3,20,120,1.04451,1.02656,1.06381,1.04907,1.0432,0.999916,0.000168198,0.0417385,4,16,0,28,85,120,0,120,120,0,0,1
SPARC-L,SPARC-rk,MA-AT-50-5-50,20,280,1.01319,1.00131,1.02479,1.01396,1.01321,0.978801,0.0423972,0.0269305,6,14,0,97,151,280,0,280,280,0,0,1
SPARC-L,SPARC-rk,MA-AT-50-5-50|F1,20,120,1.00792,1.00028,1.0159,1.00944,1.00775,0.968269,0.0634624,0.0178974,8,12,0,38,56,120,0,120,120,0,0,1
SPARC-L,SPARC-rk,MA-AT-50-5-50|F2,20,40,1.02333,1.00046,1.04412,1.03494,1.02835,0.974404,0.0511927,0.0495656,6,14,0,15,24,40,0,40,40,0,0,1
SPARC-L,SPARC-rk,MA-AT-50-5-50|F3,20,120,1.01511,0.993638,1.03541,1.0162,1.01579,0.908039,0.183921,0.0486315,7,13,0,44,71,120,0,120,120,0,0,1
SPARC-L,SPARC-rk,SA-AT-50-5-50,20,280,1.01521,1.00708,1.02345,1.01489,1.01507,0.999022,0.00195616,0.0188064,5,15,0,114,165,280,0,280,280,0,0,1
SPARC-L,SPARC-rk,SA-AT-50-5-50|F1,20,120,1.00146,0.993463,1.00962,1.00415,1.00112,0.633503,0.732995,0.0188062,9,11,0,54,66,120,0,120,120,0,0,1
SPARC-L,SPARC-rk,SA-AT-50-5-50|F2,20,40,0.991646,0.978234,1.00465,0.988954,0.991193,0.120473,0.240946,0.0309939,11,9,0,23,17,40,0,40,40,0,0,1
SPARC-L,SPARC-rk,SA-AT-50-5-50|F3,20,120,1.03723,1.02285,1.05311,1.04047,1.03385,0.999938,0.000123173,0.034028,3,17,0,37,82,120,0,120,120,0,0,1
SPARC-L,SPARC-rk,SA-BT-50-5-50,20,280,0.989918,0.983312,0.996508,0.986975,0.989976,0.00429814,0.00859629,0.0154683,13,7,0,127,88,280,0,280,280,0,0,1
SPARC-L,SPARC-rk,SA-BT-50-5-50|F1,20,120,0.993025,0.987378,0.998343,0.99503,0.993783,0.0128272,0.0256544,0.012929,13,7,0,41,22,120,0,120,120,0,0,1
SPARC-L,SPARC-rk,SA-BT-50-5-50|F2,20,40,1.00189,0.98535,1.01858,1.00399,1.00227,0.584307,0.831386,0.0390753,9,11,0,19,18,40,0,40,40,0,0,1
SPARC-L,SPARC-rk,SA-BT-50-5-50|F3,20,120,0.982874,0.969176,0.997082,0.981223,0.982367,0.0149686,0.0299372,0.0329208,14,6,0,67,48,120,0,120,120,0,0,1
SPARC-L,SPARC-rk,F1-R1,80,160,1.0069,1.00015,1.01354,1,1.00266,0.971409,0.0571813,0.0318594,21,31,28,43,55,160,0,160,160,0,0,1
SPARC-L,SPARC-rk,F1-R2,80,160,1.01284,1.00485,1.02085,1.01154,1.01192,0.997347,0.00530644,0.0397899,31,49,0,61,92,160,0,160,160,0,0,1
SPARC-L,SPARC-rk,F1-R3,80,160,1.00143,0.994471,1.00872,0.99667,1.00006,0.641418,0.717164,0.0351075,45,32,3,68,76,160,0,160,160,0,0,1
SPARC-L,SPARC-rk,F2-R2N3,80,160,1.01425,1.00459,1.02386,1.0128,1.01379,0.99524,0.00951923,0.0476149,31,49,0,68,88,160,0,160,160,0,0,1
SPARC-L,SPARC-rk,F3-pf0.1,80,160,1.01122,0.999632,1.02298,1.01171,1.01168,0.951674,0.0966524,0.0593685,34,46,0,62,87,160,0,160,160,0,0,1
SPARC-L,SPARC-rk,F3-pf0.2,80,160,1.02173,1.0072,1.03631,1.02006,1.02298,0.995957,0.00808578,0.0707534,32,48,0,54,101,160,0,160,160,0,0,1
SPARC-L,SPARC-rk,F3-pf0.2-R2,80,160,1.02605,1.01417,1.03801,1.02393,1.02615,0.999847,0.000306065,0.0609032,26,54,0,60,98,160,0,160,160,0,0,1
SPARC-L,SPARC-rk,F1-F3 family-balanced,80,240,1.01363,1.00816,1.01923,1.01161,1.01081,0.999946,0.000107178,0.0296928,28,52,0,96,144,1120,0,,,,,
SPARC-L,RL(g.),F1-F3,80,1117,0.914415,0.907419,0.921422,0.923523,0.915202,1.7825e-28,3.56501e-28,0.046976,80,0,0,927,190,1120,3,1120,1117,3,0,0.25
SPARC-L,RL(g.),F1,80,480,0.898717,0.89265,0.904571,0.905766,0.900179,1.46291e-39,2.92582e-39,0.0382207,80,0,0,459,21,480,0,480,480,0,0,1
SPARC-L,RL(g.),F2,80,160,0.883026,0.871564,0.89461,0.885877,0.882743,3.47747e-29,6.95493e-29,0.0636337,78,2,0,146,14,160,0,160,160,0,0,1
SPARC-L,RL(g.),F3,80,477,0.941524,0.930167,0.953182,0.950816,0.941464,3.73314e-10,7.46628e-10,0.0769898,60,20,0,322,155,480,3,480,477,3,0,0.25
SPARC-L,RL(g.),MA-AT-25-5-50,20,277,0.877026,0.862537,0.891816,0.877259,0.876963,2.27043e-12,4.54085e-12,0.0386968,20,0,0,256,21,280,3,280,277,3,0,0.25
SPARC-L,RL(g.),MA-AT-25-5-50|F1,20,120,0.869997,0.85606,0.88459,0.857924,0.870303,6.96438e-13,1.39288e-12,0.0384172,20,0,0,118,2,120,0,120,120,0,0,1
SPARC-L,RL(g.),MA-AT-25-5-50|F2,20,40,0.863016,0.836319,0.892215,0.845529,0.860054,2.33939e-08,4.67878e-08,0.075689,19,1,0,37,3,40,0,40,40,0,0,1
SPARC-L,RL(g.),MA-AT-25-5-50|F3,20,117,0.889773,0.869947,0.910848,0.882686,0.886721,3.87202e-09,7.74405e-09,0.0535015,20,0,0,101,16,120,3,120,117,3,0,0.25
SPARC-L,RL(g.),MA-AT-50-5-50,20,280,0.900116,0.883892,0.916839,0.891503,0.899694,6.84873e-10,1.36975e-09,0.0433314,20,0,0,248,32,280,0,280,280,0,0,1
SPARC-L,RL(g.),MA-AT-50-5-50|F1,20,120,0.898119,0.884537,0.911392,0.906209,0.899061,1.75405e-11,3.50811e-11,0.0356249,20,0,0,117,3,120,0,120,120,0,0,1
SPARC-L,RL(g.),MA-AT-50-5-50|F2,20,40,0.872023,0.852335,0.892747,0.87118,0.870305,2.91272e-10,5.82544e-10,0.0535563,20,0,0,37,3,40,0,40,40,0,0,1
SPARC-L,RL(g.),MA-AT-50-5-50|F3,20,120,0.911702,0.884631,0.939939,0.899053,0.912754,6.13606e-06,1.22721e-05,0.0706275,17,3,0,94,26,120,0,120,120,0,0,1
SPARC-L,RL(g.),SA-AT-50-5-50,20,280,0.948999,0.939401,0.958804,0.950677,0.94918,4.31995e-09,8.6399e-09,0.0241459,20,0,0,198,82,280,0,280,280,0,0,1
SPARC-L,RL(g.),SA-AT-50-5-50|F1,20,120,0.899863,0.889816,0.910262,0.901175,0.900256,1.82166e-13,3.64332e-13,0.027001,20,0,0,114,6,120,0,120,120,0,0,1
SPARC-L,RL(g.),SA-AT-50-5-50|F2,20,40,0.894721,0.878217,0.914366,0.894718,0.891734,9.04685e-10,1.80937e-09,0.0465884,19,1,0,38,2,40,0,40,40,0,0,1
SPARC-L,RL(g.),SA-AT-50-5-50|F3,20,120,1.02066,1.0022,1.04099,1.01901,1.01753,0.974114,0.0517722,0.0440625,6,14,0,46,74,120,0,120,120,0,0,1
SPARC-L,RL(g.),SA-BT-50-5-50,20,280,0.93325,0.918621,0.946542,0.94263,0.936887,1.98384e-08,3.96769e-08,0.0351142,20,0,0,225,55,280,0,280,280,0,0,1
SPARC-L,RL(g.),SA-BT-50-5-50|F1,20,120,0.927817,0.919595,0.935694,0.933148,0.9292,5.80209e-13,1.16042e-12,0.0204563,20,0,0,110,10,120,0,120,120,0,0,1
SPARC-L,RL(g.),SA-BT-50-5-50|F2,20,40,0.902944,0.876274,0.928942,0.903177,0.905783,1.04907e-06,2.09815e-06,0.0681489,20,0,0,34,6,40,0,40,40,0,0,1
SPARC-L,RL(g.),SA-BT-50-5-50|F3,20,120,0.949101,0.923898,0.972429,0.957002,0.955141,0.000416876,0.000833751,0.0589515,17,3,0,81,39,120,0,120,120,0,0,1
SPARC-L,RL(g.),F1-R1,80,160,0.889957,0.88095,0.898571,0.896891,0.892825,2.33999e-31,4.67999e-31,0.0551478,80,0,0,159,1,160,0,160,160,0,0,1
SPARC-L,RL(g.),F1-R2,80,160,0.904256,0.894506,0.913598,0.909144,0.905918,3.49689e-29,6.99378e-29,0.0514856,79,1,0,148,12,160,0,160,160,0,0,1
SPARC-L,RL(g.),F1-R3,80,160,0.902002,0.89348,0.910298,0.906944,0.903567,1.59401e-31,3.18801e-31,0.0485012,80,0,0,152,8,160,0,160,160,0,0,1
SPARC-L,RL(g.),F2-R2N3,80,160,0.883026,0.871564,0.89461,0.885877,0.882743,3.47747e-29,6.95493e-29,0.0636337,78,2,0,146,14,160,0,160,160,0,0,1
SPARC-L,RL(g.),F3-pf0.1,80,160,0.929028,0.914689,0.943773,0.933583,0.931134,2.97463e-11,5.94925e-11,0.0869722,64,16,0,116,44,160,0,160,160,0,0,1
SPARC-L,RL(g.),F3-pf0.2,80,158,0.958253,0.94282,0.974205,0.972451,0.959895,5.81937e-05,0.000116387,0.0940418,51,29,0,101,57,160,2,160,158,2,0,0.5
SPARC-L,RL(g.),F3-pf0.2-R2,80,159,0.938726,0.923344,0.954747,0.943754,0.938808,2.87016e-08,5.74032e-08,0.0943227,61,19,0,105,54,160,1,160,159,1,0,1
SPARC-L,RL(g.),F1-F3 family-balanced,80,240,0.907422,0.900072,0.91471,0.911283,0.908655,7.86705e-31,1.57341e-30,0.0468247,79,1,0,218,22,1120,3,,,,,
SPARC-L,RL(g.),F1-F3 failures=200,80,1120,0.912755,0.905786,0.919638,0.919239,0.913429,3.84172e-28,7.68345e-28,0.048526,80,0,0,930,190,1120,0,,,,,
SPARC-L,RL(g.)-arr,F1-F3,80,1119,0.920874,0.914089,0.927537,0.925062,0.922697,1.55222e-29,3.10443e-29,0.0416306,80,0,0,925,194,1120,1,1120,1119,1,0,1
SPARC-L,RL(g.)-arr,F1,80,480,0.90392,0.898563,0.909132,0.906519,0.905411,1.21598e-42,2.43196e-42,0.0327162,80,0,0,456,24,480,0,480,480,0,0,1
SPARC-L,RL(g.)-arr,F2,80,160,0.892222,0.880679,0.903412,0.893717,0.892879,3.40494e-28,6.80987e-28,0.060503,79,1,0,146,14,160,0,160,160,0,0,1
SPARC-L,RL(g.)-arr,F3,80,479,0.948094,0.936893,0.959306,0.949806,0.949368,1.65296e-09,3.30591e-09,0.0715773,60,20,0,323,156,480,1,480,479,1,0,1
SPARC-L,RL(g.)-arr,MA-AT-25-5-50,20,279,0.889943,0.876259,0.903355,0.889786,0.891482,3.37016e-12,6.74032e-12,0.0351659,20,0,0,261,18,280,1,280,279,1,0,1
SPARC-L,RL(g.)-arr,MA-AT-25-5-50|F1,20,120,0.88113,0.868041,0.894041,0.88693,0.881186,4.62189e-13,9.24379e-13,0.0341149,20,0,0,118,2,120,0,120,120,0,0,1
SPARC-L,RL(g.)-arr,MA-AT-25-5-50|F2,20,40,0.875196,0.851622,0.90047,0.85982,0.872869,1.00599e-08,2.01199e-08,0.0648648,20,0,0,38,2,40,0,40,40,0,0,1
SPARC-L,RL(g.)-arr,MA-AT-25-5-50|F3,20,119,0.903904,0.887158,0.921507,0.902445,0.902734,1.72759e-09,3.45518e-09,0.0440221,20,0,0,105,14,120,1,120,119,1,0,1
SPARC-L,RL(g.)-arr,MA-AT-50-5-50,20,280,0.91238,0.896387,0.928515,0.909272,0.911274,2.79022e-09,5.58044e-09,0.0411581,20,0,0,241,39,280,0,280,280,0,0,1
SPARC-L,RL(g.)-arr,MA-AT-50-5-50|F1,20,120,0.907487,0.897048,0.917696,0.908337,0.907747,5.50129e-13,1.10026e-12,0.0264265,20,0,0,114,6,120,0,120,120,0,0,1
SPARC-L,RL(g.)-arr,MA-AT-50-5-50|F2,20,40,0.896269,0.871804,0.918737,0.906379,0.901278,6.56869e-08,1.31374e-07,0.0602287,20,0,0,36,4,40,0,40,40,0,0,1
SPARC-L,RL(g.)-arr,MA-AT-50-5-50|F3,20,120,0.922764,0.894843,0.951067,0.928571,0.925137,3.49226e-05,6.98453e-05,0.0710703,17,3,0,91,29,120,0,120,120,0,0,1
SPARC-L,RL(g.)-arr,SA-AT-50-5-50,20,280,0.948999,0.939401,0.958804,0.950677,0.94918,4.31995e-09,8.6399e-09,0.0241459,20,0,0,198,82,280,0,280,280,0,0,1
SPARC-L,RL(g.)-arr,SA-AT-50-5-50|F1,20,120,0.899863,0.889816,0.910262,0.901175,0.900256,1.82166e-13,3.64332e-13,0.027001,20,0,0,114,6,120,0,120,120,0,0,1
SPARC-L,RL(g.)-arr,SA-AT-50-5-50|F2,20,40,0.894721,0.878217,0.914366,0.894718,0.891734,9.04685e-10,1.80937e-09,0.0465884,19,1,0,38,2,40,0,40,40,0,0,1
SPARC-L,RL(g.)-arr,SA-AT-50-5-50|F3,20,120,1.02066,1.0022,1.04099,1.01901,1.01753,0.974114,0.0517722,0.0440625,6,14,0,46,74,120,0,120,120,0,0,1
SPARC-L,RL(g.)-arr,SA-BT-50-5-50,20,280,0.93325,0.918621,0.946542,0.94263,0.936887,1.98384e-08,3.96769e-08,0.0351142,20,0,0,225,55,280,0,280,280,0,0,1
SPARC-L,RL(g.)-arr,SA-BT-50-5-50|F1,20,120,0.927817,0.919595,0.935694,0.933148,0.9292,5.80209e-13,1.16042e-12,0.0204563,20,0,0,110,10,120,0,120,120,0,0,1
SPARC-L,RL(g.)-arr,SA-BT-50-5-50|F2,20,40,0.902944,0.876274,0.928942,0.903177,0.905783,1.04907e-06,2.09815e-06,0.0681489,20,0,0,34,6,40,0,40,40,0,0,1
SPARC-L,RL(g.)-arr,SA-BT-50-5-50|F3,20,120,0.949101,0.923898,0.972429,0.957002,0.955141,0.000416876,0.000833751,0.0589515,17,3,0,81,39,120,0,120,120,0,0,1
SPARC-L,RL(g.)-arr,F1-R1,80,160,0.894448,0.885711,0.902987,0.902486,0.897719,9.15856e-32,1.83171e-31,0.0520115,80,0,0,159,1,160,0,160,160,0,0,1
SPARC-L,RL(g.)-arr,F1-R2,80,160,0.908887,0.899301,0.918157,0.915236,0.911303,6.78895e-29,1.35779e-28,0.0493914,79,1,0,147,13,160,0,160,160,0,0,1
SPARC-L,RL(g.)-arr,F1-R3,80,160,0.9085,0.900314,0.916728,0.913509,0.908422,1.7622e-31,3.5244e-31,0.0451952,79,1,0,150,10,160,0,160,160,0,0,1
SPARC-L,RL(g.)-arr,F2-R2N3,80,160,0.892222,0.880679,0.903412,0.893717,0.892879,3.40494e-28,6.80987e-28,0.060503,79,1,0,146,14,160,0,160,160,0,0,1
SPARC-L,RL(g.)-arr,F3-pf0.1,80,160,0.938222,0.923797,0.952921,0.948094,0.939111,4.05035e-10,8.1007e-10,0.081694,63,17,0,115,45,160,0,160,160,0,0,1
SPARC-L,RL(g.)-arr,F3-pf0.2,80,160,0.960822,0.945879,0.976307,0.966042,0.961254,9.26727e-05,0.000185345,0.0911202,50,30,0,101,59,160,0,160,160,0,0,1
SPARC-L,RL(g.)-arr,F3-pf0.2-R2,80,159,0.945623,0.931542,0.960191,0.950802,0.944569,5.4611e-08,1.09222e-07,0.0855853,63,17,0,107,52,160,1,160,159,1,0,1
SPARC-L,RL(g.)-arr,F1-F3 family-balanced,80,240,0.914432,0.907198,0.921607,0.919518,0.916424,1.72739e-31,3.45477e-31,0.0421171,79,1,0,219,21,1120,1,,,,,
SPARC-L,RL(g.)-arr,F1-F3 failures=200,80,1120,0.920436,0.913737,0.926968,0.924153,0.922134,1.18681e-29,2.37362e-29,0.0416943,80,0,0,926,194,1120,0,,,,,
SPARC-L,RL(s.1),F1-F3,80,1118,0.910393,0.903583,0.91709,0.914147,0.911599,6.92067e-30,1.38413e-29,0.0468121,80,0,0,955,163,1120,2,1120,1118,2,0,0.5
SPARC-L,RL(s.1),F1,80,480,0.896931,0.890589,0.903279,0.902058,0.898799,1.14447e-38,2.28895e-38,0.0400936,80,0,0,459,21,480,0,480,480,0,0,1
SPARC-L,RL(s.1),F2,80,160,0.887062,0.875626,0.898271,0.884732,0.88681,1.17791e-28,2.35582e-28,0.0625055,77,3,0,148,12,160,0,160,160,0,0,1
SPARC-L,RL(s.1),F3,80,478,0.932173,0.920763,0.943758,0.943929,0.934557,1.42183e-12,2.84365e-12,0.0761522,67,13,0,348,130,480,2,480,478,2,0,0.5
SPARC-L,RL(s.1),MA-AT-25-5-50,20,278,0.871069,0.857398,0.884377,0.871663,0.872438,2.6553e-13,5.31059e-13,0.0360741,20,0,0,267,11,280,2,280,278,2,0,0.5
SPARC-L,RL(s.1),MA-AT-25-5-50|F1,20,120,0.86768,0.854084,0.881954,0.854649,0.868611,3.32812e-13,6.65625e-13,0.0375642,20,0,0,117,3,120,0,120,120,0,0,1
SPARC-L,RL(s.1),MA-AT-25-5-50|F2,20,40,0.859988,0.836742,0.88335,0.867075,0.856202,9.84181e-10,1.96836e-09,0.0634949,20,0,0,40,0,40,0,40,40,0,0,1
SPARC-L,RL(s.1),MA-AT-25-5-50|F3,20,118,0.878526,0.857121,0.898484,0.885918,0.883018,1.07818e-09,2.15637e-09,0.0548218,20,0,0,110,8,120,2,120,118,2,0,0.5
SPARC-L,RL(s.1),MA-AT-50-5-50,20,280,0.896909,0.880405,0.913699,0.890699,0.896536,3.67596e-10,7.35192e-10,0.0431496,20,0,0,250,30,280,0,280,280,0,0,1
SPARC-L,RL(s.1),MA-AT-50-5-50|F1,20,120,0.89577,0.882327,0.909154,0.898767,0.896575,9.37433e-12,1.87487e-11,0.0351984,20,0,0,115,5,120,0,120,120,0,0,1
SPARC-L,RL(s.1),MA-AT-50-5-50|F2,20,40,0.88649,0.864123,0.909307,0.882826,0.885932,9.8943e-09,1.97886e-08,0.0585639,19,1,0,35,5,40,0,40,40,0,0,1
SPARC-L,RL(s.1),MA-AT-50-5-50|F3,20,120,0.901553,0.873453,0.930291,0.900983,0.902854,2.48453e-06,4.96906e-06,0.0737887,18,2,0,100,20,120,0,120,120,0,0,1
SPARC-L,RL(s.1),SA-AT-50-5-50,20,280,0.940443,0.929531,0.952061,0.937866,0.937583,3.72293e-09,7.44586e-09,0.0280608,20,0,0,212,68,280,0,280,280,0,0,1
SPARC-L,RL(s.1),SA-AT-50-5-50|F1,20,120,0.89684,0.884123,0.909065,0.901074,0.899696,3.30041e-12,6.60082e-12,0.0327983,20,0,0,116,4,120,0,120,120,0,0,1
SPARC-L,RL(s.1),SA-AT-50-5-50|F2,20,40,0.898574,0.879828,0.918793,0.897955,0.896222,6.56162e-09,1.31232e-08,0.0506445,19,1,0,38,2,40,0,40,40,0,0,1
SPARC-L,RL(s.1),SA-AT-50-5-50|F3,20,120,1.00125,0.981028,1.02325,0.981811,0.996812,0.544351,0.911297,0.0494736,12,8,0,58,62,120,0,120,120,0,0,1
SPARC-L,RL(s.1),SA-BT-50-5-50,20,280,0.934938,0.921928,0.947418,0.935675,0.936703,6.77406e-09,1.35481e-08,0.0319227,20,0,0,226,54,280,0,280,280,0,0,1
SPARC-L,RL(s.1),SA-BT-50-5-50|F1,20,120,0.928463,0.919336,0.937721,0.928678,0.928602,6.7489e-12,1.34978e-11,0.0232921,20,0,0,111,9,120,0,120,120,0,0,1
SPARC-L,RL(s.1),SA-BT-50-5-50|F2,20,40,0.903847,0.878536,0.930111,0.932705,0.902468,1.22992e-06,2.45983e-06,0.0682775,19,1,0,35,5,40,0,40,40,0,0,1
SPARC-L,RL(s.1),SA-BT-50-5-50|F3,20,120,0.952131,0.930944,0.971903,0.955244,0.955352,0.000155368,0.000310735,0.0499051,17,3,0,80,40,120,0,120,120,0,0,1
SPARC-L,RL(s.1),F1-R1,80,160,0.889942,0.881069,0.898582,0.896198,0.893163,1.57879e-30,3.15757e-30,0.0568122,80,0,0,156,4,160,0,160,160,0,0,1
SPARC-L,RL(s.1),F1-R2,80,160,0.901508,0.892756,0.910212,0.897741,0.900736,6.79814e-32,1.35963e-31,0.0481252,79,1,0,148,12,160,0,160,160,0,0,1
SPARC-L,RL(s.1),F1-R3,80,160,0.899385,0.890094,0.908277,0.907511,0.902725,4.83031e-30,9.66061e-30,0.0525805,79,1,0,155,5,160,0,160,160,0,0,1
SPARC-L,RL(s.1),F2-R2N3,80,160,0.887062,0.875626,0.898271,0.884732,0.88681,1.17791e-28,2.35582e-28,0.0625055,77,3,0,148,12,160,0,160,160,0,0,1
SPARC-L,RL(s.1),F3-pf0.1,80,160,0.924418,0.910436,0.938299,0.924591,0.926384,2.20635e-13,4.4127e-13,0.0811353,66,14,0,123,37,160,0,160,160,0,0,1
SPARC-L,RL(s.1),F3-pf0.2,80,159,0.941755,0.925201,0.958883,0.946548,0.943311,1.58478e-06,3.16956e-06,0.106998,57,23,0,104,55,160,1,160,159,1,0,1
SPARC-L,RL(s.1),F3-pf0.2-R2,80,159,0.930637,0.916438,0.945225,0.925212,0.929274,4.01707e-11,8.03414e-11,0.0856908,67,13,0,121,38,160,1,160,159,1,0,1
SPARC-L,RL(s.1),F1-F3 family-balanced,80,240,0.905183,0.898107,0.912146,0.909516,0.906131,8.03192e-32,1.60638e-31,0.0463553,79,1,0,224,16,1120,2,,,,,
SPARC-L,RL(s.1),F1-F3 failures=200,80,1120,0.909484,0.902711,0.916147,0.914147,0.910709,1.24907e-29,2.49815e-29,0.0477524,80,0,0,957,163,1120,0,,,,,
SPARC-L,RL(s.1)-arr,F1-F3,80,1119,0.916769,0.910044,0.92341,0.921645,0.918069,7.24281e-31,1.44856e-30,0.0418314,80,0,0,938,181,1120,1,1120,1119,1,0,1
SPARC-L,RL(s.1)-arr,F1,80,480,0.902627,0.896752,0.908296,0.906733,0.904024,1.59281e-40,3.18563e-40,0.0355309,80,0,0,459,21,480,0,480,480,0,0,1
SPARC-L,RL(s.1)-arr,F2,80,160,0.892277,0.880688,0.904028,0.891408,0.894119,5.52634e-27,1.10527e-26,0.0632776,78,2,0,147,13,160,0,160,160,0,0,1
SPARC-L,RL(s.1)-arr,F3,80,479,0.939654,0.928411,0.951019,0.955244,0.941204,7.93867e-12,1.58773e-11,0.0707736,67,13,0,332,147,480,1,480,479,1,0,1
SPARC-L,RL(s.1)-arr,MA-AT-25-5-50,20,279,0.883573,0.869663,0.897093,0.881067,0.883754,1.59235e-12,3.18471e-12,0.0357768,20,0,0,259,20,280,1,280,279,1,0,1
SPARC-L,RL(s.1)-arr,MA-AT-25-5-50|F1,20,120,0.878804,0.865679,0.891604,0.875125,0.878018,3.81503e-13,7.63006e-13,0.0344551,20,0,0,117,3,120,0,120,120,0,0,1
SPARC-L,RL(s.1)-arr,MA-AT-25-5-50|F2,20,40,0.866303,0.83922,0.89331,0.873251,0.866241,1.87272e-08,3.74544e-08,0.0726786,20,0,0,39,1,40,0,40,40,0,0,1
SPARC-L,RL(s.1)-arr,MA-AT-25-5-50|F3,20,119,0.894532,0.8727,0.916223,0.901067,0.896737,2.22543e-08,4.45086e-08,0.0570759,20,0,0,103,16,120,1,120,119,1,0,1
SPARC-L,RL(s.1)-arr,MA-AT-50-5-50,20,280,0.909248,0.893672,0.924789,0.909704,0.909737,9.47562e-10,1.89512e-09,0.0399556,20,0,0,241,39,280,0,280,280,0,0,1
SPARC-L,RL(s.1)-arr,MA-AT-50-5-50|F1,20,120,0.907115,0.896337,0.918066,0.909877,0.905472,1.40681e-12,2.81361e-12,0.0279798,20,0,0,115,5,120,0,120,120,0,0,1
SPARC-L,RL(s.1)-arr,MA-AT-50-5-50|F2,20,40,0.900907,0.879256,0.921247,0.910063,0.903728,2.48215e-08,4.96429e-08,0.0538203,20,0,0,35,5,40,0,40,40,0,0,1
SPARC-L,RL(s.1)-arr,MA-AT-50-5-50|F3,20,120,0.914191,0.887408,0.941294,0.910972,0.916822,7.57935e-06,1.51587e-05,0.0697161,18,2,0,91,29,120,0,120,120,0,0,1
SPARC-L,RL(s.1)-arr,SA-AT-50-5-50,20,280,0.940443,0.929531,0.952061,0.937866,0.937583,3.72293e-09,7.44586e-09,0.0280608,20,0,0,212,68,280,0,280,280,0,0,1
SPARC-L,RL(s.1)-arr,SA-AT-50-5-50|F1,20,120,0.89684,0.884123,0.909065,0.901074,0.899696,3.30041e-12,6.60082e-12,0.0327983,20,0,0,116,4,120,0,120,120,0,0,1
SPARC-L,RL(s.1)-arr,SA-AT-50-5-50|F2,20,40,0.898574,0.879828,0.918793,0.897955,0.896222,6.56162e-09,1.31232e-08,0.0506445,19,1,0,38,2,40,0,40,40,0,0,1
SPARC-L,RL(s.1)-arr,SA-AT-50-5-50|F3,20,120,1.00125,0.981028,1.02325,0.981811,0.996812,0.544351,0.911297,0.0494736,12,8,0,58,62,120,0,120,120,0,0,1
SPARC-L,RL(s.1)-arr,SA-BT-50-5-50,20,280,0.934938,0.921928,0.947418,0.935675,0.936703,6.77406e-09,1.35481e-08,0.0319227,20,0,0,226,54,280,0,280,280,0,0,1
SPARC-L,RL(s.1)-arr,SA-BT-50-5-50|F1,20,120,0.928463,0.919336,0.937721,0.928678,0.928602,6.7489e-12,1.34978e-11,0.0232921,20,0,0,111,9,120,0,120,120,0,0,1
SPARC-L,RL(s.1)-arr,SA-BT-50-5-50|F2,20,40,0.903847,0.878536,0.930111,0.932705,0.902468,1.22992e-06,2.45983e-06,0.0682775,19,1,0,35,5,40,0,40,40,0,0,1
SPARC-L,RL(s.1)-arr,SA-BT-50-5-50|F3,20,120,0.952131,0.930944,0.971903,0.955244,0.955352,0.000155368,0.000310735,0.0499051,17,3,0,80,40,120,0,120,120,0,0,1
SPARC-L,RL(s.1)-arr,F1-R1,80,160,0.890637,0.882417,0.898719,0.897772,0.894097,8.19991e-32,1.63998e-31,0.053911,80,0,0,158,2,160,0,160,160,0,0,1
SPARC-L,RL(s.1)-arr,F1-R2,80,160,0.909112,0.899882,0.918159,0.909173,0.908877,8.28818e-30,1.65764e-29,0.0476489,78,2,0,147,13,160,0,160,160,0,0,1
SPARC-L,RL(s.1)-arr,F1-R3,80,160,0.908254,0.899627,0.916665,0.910213,0.909321,1.31268e-30,2.62536e-30,0.0467535,79,1,0,154,6,160,0,160,160,0,0,1
SPARC-L,RL(s.1)-arr,F2-R2N3,80,160,0.892277,0.880688,0.904028,0.891408,0.894119,5.52634e-27,1.10527e-26,0.0632776,78,2,0,147,13,160,0,160,160,0,0,1
SPARC-L,RL(s.1)-arr,F3-pf0.1,80,160,0.926831,0.911402,0.942865,0.938428,0.929589,8.95776e-12,1.79155e-11,0.0866947,64,16,0,116,44,160,0,160,160,0,0,1
SPARC-L,RL(s.1)-arr,F3-pf0.2,80,159,0.959321,0.94316,0.975367,0.956422,0.958539,5.8193e-05,0.000116386,0.0915835,54,26,0,99,60,160,1,160,159,1,0,1
SPARC-L,RL(s.1)-arr,F3-pf0.2-R2,80,160,0.933249,0.918414,0.948167,0.933922,0.932855,2.3048e-10,4.6096e-10,0.0869108,63,17,0,117,43,160,0,160,160,0,0,1
SPARC-L,RL(s.1)-arr,F1-F3 family-balanced,80,240,0.911294,0.903925,0.918434,0.914738,0.913196,9.03264e-32,1.80653e-31,0.043302,79,1,0,225,15,1120,1,,,,,
SPARC-L,RL(s.1)-arr,F1-F3 failures=200,80,1120,0.916243,0.909721,0.922706,0.920041,0.9173,5.36818e-31,1.07364e-30,0.0419128,80,0,0,939,181,1120,0,,,,,
SPARC-L,greedy,F1-F3,80,1038,0.787787,0.774813,0.800597,0.824454,0.808519,1.06666e-22,2.13331e-22,0.156851,80,0,0,1001,36,1120,82,1120,1038,82,0,4.1359e-25
SPARC-L,greedy,F1,79,454,0.80703,0.793301,0.820907,0.832718,0.826114,1.45831e-20,2.91662e-20,0.152789,79,0,0,443,11,480,26,480,454,26,0,2.98023e-08
SPARC-L,greedy,F2,78,154,0.793287,0.777158,0.809539,0.824106,0.817609,8.2289e-22,1.64578e-21,0.154643,77,1,0,150,4,160,6,160,154,6,0,0.03125
SPARC-L,greedy,F3,76,430,0.789372,0.773641,0.80442,0.80606,0.802356,2.33601e-23,4.67202e-23,0.14458,76,0,0,408,21,480,50,480,430,50,0,1.77636e-15
SPARC-L,greedy,MA-AT-25-5-50,20,205,0.630165,0.594161,0.667058,0.638245,0.632178,2.5906e-12,5.18119e-12,0.137202,20,0,0,205,0,280,75,280,205,75,0,5.29396e-23
SPARC-L,greedy,MA-AT-25-5-50|F1,19,94,0.650988,0.612908,0.691771,0.64594,0.65353,3.30349e-11,6.60698e-11,0.137638,19,0,0,94,0,120,26,120,94,26,0,2.98023e-08
SPARC-L,greedy,MA-AT-25-5-50|F2,18,34,0.641166,0.594815,0.691548,0.635744,0.641765,1.55244e-09,3.10488e-09,0.16925,18,0,0,34,0,40,6,40,34,6,0,0.03125
SPARC-L,greedy,MA-AT-25-5-50|F3,16,77,0.643127,0.596193,0.68547,0.660399,0.651931,1.74033e-09,3.48067e-09,0.144827,16,0,0,77,0,120,43,120,77,43,0,2.27374e-13
SPARC-L,greedy,MA-AT-50-5-50,20,280,0.832918,0.817755,0.8476,0.828112,0.8335,3.21459e-14,6.42917e-14,0.0424933,20,0,0,275,5,280,0,280,280,0,0,1
SPARC-L,greedy,MA-AT-50-5-50|F1,20,120,0.851279,0.827128,0.873406,0.863843,0.859519,4.12014e-10,8.24028e-10,0.0642969,20,0,0,120,0,120,0,120,120,0,0,1
SPARC-L,greedy,MA-AT-50-5-50|F2,20,40,0.832793,0.814193,0.851451,0.828613,0.832812,1.23179e-12,2.46357e-12,0.0521222,20,0,0,39,1,40,0,40,40,0,0,1
SPARC-L,greedy,MA-AT-50-5-50|F3,20,120,0.814993,0.796283,0.834847,0.80606,0.811853,5.53197e-13,1.10639e-12,0.0557079,20,0,0,116,4,120,0,120,120,0,0,1
SPARC-L,greedy,SA-AT-50-5-50,20,273,0.804442,0.788651,0.820749,0.796117,0.804809,9.0438e-15,1.80876e-14,0.0471694,20,0,0,268,5,280,7,280,273,7,0,0.015625
SPARC-L,greedy,SA-AT-50-5-50|F1,20,120,0.811886,0.796093,0.82865,0.809708,0.80968,2.1587e-14,4.3174e-14,0.0473858,20,0,0,120,0,120,0,120,120,0,0,1
SPARC-L,greedy,SA-AT-50-5-50|F2,20,40,0.807571,0.789584,0.824668,0.807883,0.808938,5.14595e-14,1.02919e-13,0.0509849,20,0,0,40,0,40,0,40,40,0,0,1
SPARC-L,greedy,SA-AT-50-5-50|F3,20,113,0.793159,0.76529,0.822407,0.777234,0.791517,9.04518e-11,1.80904e-10,0.0845482,20,0,0,108,5,120,7,120,113,7,0,0.015625
SPARC-L,greedy,SA-BT-50-5-50,20,280,0.912191,0.902602,0.922098,0.912827,0.912299,5.0018e-13,1.00036e-12,0.0248859,20,0,0,253,26,280,0,280,280,0,0,1
SPARC-L,greedy,SA-BT-50-5-50|F1,20,120,0.932722,0.926552,0.939195,0.934641,0.931844,1.98174e-14,3.96347e-14,0.0157625,20,0,0,109,11,120,0,120,120,0,0,1
SPARC-L,greedy,SA-BT-50-5-50|F2,20,40,0.899055,0.876278,0.923601,0.907191,0.898499,1.2101e-07,2.4202e-07,0.0609836,19,1,0,37,3,40,0,40,40,0,0,1
SPARC-L,greedy,SA-BT-50-5-50|F3,20,120,0.896435,0.87829,0.914913,0.89443,0.895778,1.46066e-09,2.92131e-09,0.0471485,20,0,0,107,12,120,0,120,120,0,0,1
SPARC-L,greedy,F1-R1,76,149,0.817202,0.798786,0.835589,0.87635,0.831248,1.00404e-17,2.00807e-17,0.15907,76,0,0,148,1,160,11,160,149,11,0,0.000976562
SPARC-L,greedy,F1-R2,78,153,0.808995,0.794994,0.82309,0.831925,0.822461,2.78793e-22,5.57585e-22,0.138744,78,0,0,149,4,160,7,160,153,7,0,0.015625
SPARC-L,greedy,F1-R3,78,152,0.81657,0.800815,0.833386,0.846177,0.840759,1.58933e-18,3.17867e-18,0.156834,76,2,0,146,6,160,8,160,152,8,0,0.0078125
SPARC-L,greedy,F2-R2N3,78,154,0.793287,0.777158,0.809539,0.824106,0.817609,8.2289e-22,1.64578e-21,0.154643,77,1,0,150,4,160,6,160,154,6,0,0.03125
SPARC-L,greedy,F3-pf0.1,75,147,0.793571,0.778507,0.808725,0.82063,0.801396,1.12038e-25,2.24075e-25,0.126938,74,1,0,142,5,160,13,160,147,13,0,0.000244141
SPARC-L,greedy,F3-pf0.2,74,144,0.780011,0.758732,0.801255,0.799744,0.792397,7.05973e-21,1.41195e-20,0.165169,73,1,0,136,8,160,16,160,144,16,0,3.05176e-05
SPARC-L,greedy,F3-pf0.2-R2,75,139,0.810871,0.792915,0.828781,0.825353,0.824213,1.71246e-18,3.42491e-18,0.157471,74,1,0,130,8,160,21,160,139,21,0,9.53674e-07
SPARC-L,greedy,F1-F3 family-balanced,80,233,0.786458,0.773183,0.799469,0.82342,0.81021,1.19086e-22,2.38172e-22,0.158274,80,0,0,232,1,1120,82,,,,,
SPARC-L,greedy,F1-F3 failures=200,80,1120,0.756394,0.732557,0.779239,0.824454,0.800029,1.3854e-16,2.7708e-16,0.242192,80,0,0,1083,36,1120,0,,,,,
SPARC-L,greedy-arr,F1-F3,80,1039,0.793969,0.780774,0.807049,0.830462,0.815456,2.28896e-22,4.57792e-22,0.153815,80,0,0,998,40,1120,81,1120,1039,81,0,8.27181e-25
SPARC-L,greedy-arr,F1,79,453,0.811731,0.798279,0.825414,0.845714,0.831489,2.28174e-20,4.56347e-20,0.149932,79,0,0,440,13,480,27,480,453,27,0,1.49012e-08
SPARC-L,greedy-arr,F2,78,153,0.800407,0.785444,0.815328,0.821885,0.820677,7.06688e-22,1.41338e-21,0.148256,77,1,0,150,3,160,7,160,153,7,0,0.015625
SPARC-L,greedy-arr,F3,77,433,0.792263,0.775723,0.808255,0.825292,0.807885,1.58911e-22,3.17822e-22,0.149157,77,0,0,408,24,480,47,480,433,47,0,1.42109e-14
SPARC-L,greedy-arr,MA-AT-25-5-50,20,206,0.639378,0.601972,0.677782,0.649735,0.639879,5.96367e-12,1.19273e-11,0.139361,20,0,0,206,0,280,74,280,206,74,0,1.05879e-22
SPARC-L,greedy-arr,MA-AT-25-5-50|F1,19,93,0.657948,0.620476,0.699739,0.66863,0.655371,4.63749e-11,9.27499e-11,0.137024,19,0,0,93,0,120,27,120,93,27,0,1.49012e-08
SPARC-L,greedy-arr,MA-AT-25-5-50|F2,18,33,0.649959,0.607901,0.694812,0.634195,0.649086,4.04654e-10,8.09307e-10,0.150177,18,0,0,33,0,40,7,40,33,7,0,0.015625
SPARC-L,greedy-arr,MA-AT-25-5-50|F3,17,80,0.64738,0.599039,0.693145,0.661359,0.657561,2.50371e-09,5.00743e-09,0.15892,17,0,0,80,0,120,40,120,80,40,0,1.81899e-12
SPARC-L,greedy-arr,MA-AT-50-5-50,20,280,0.846988,0.830878,0.86198,0.850705,0.848717,2.67744e-13,5.35489e-13,0.043421,20,0,0,271,9,280,0,280,280,0,0,1
SPARC-L,greedy-arr,MA-AT-50-5-50|F1,20,120,0.86228,0.837939,0.882376,0.880166,0.874084,6.86076e-10,1.37215e-09,0.0610205,20,0,0,118,2,120,0,120,120,0,0,1
SPARC-L,greedy-arr,MA-AT-50-5-50|F2,20,40,0.851819,0.831054,0.87256,0.851991,0.852831,4.15789e-11,8.31578e-11,0.0559079,20,0,0,40,0,40,0,40,40,0,0,1
SPARC-L,greedy-arr,MA-AT-50-5-50|F3,20,120,0.830391,0.809491,0.851037,0.831681,0.830708,7.98129e-12,1.59626e-11,0.0588868,20,0,0,113,7,120,0,120,120,0,0,1
SPARC-L,greedy-arr,SA-AT-50-5-50,20,273,0.804442,0.788651,0.820749,0.796117,0.804809,9.0438e-15,1.80876e-14,0.0471694,20,0,0,268,5,280,7,280,273,7,0,0.015625
SPARC-L,greedy-arr,SA-AT-50-5-50|F1,20,120,0.811886,0.796093,0.82865,0.809708,0.80968,2.1587e-14,4.3174e-14,0.0473858,20,0,0,120,0,120,0,120,120,0,0,1
SPARC-L,greedy-arr,SA-AT-50-5-50|F2,20,40,0.807571,0.789584,0.824668,0.807883,0.808938,5.14595e-14,1.02919e-13,0.0509849,20,0,0,40,0,40,0,40,40,0,0,1
SPARC-L,greedy-arr,SA-AT-50-5-50|F3,20,113,0.793159,0.76529,0.822407,0.777234,0.791517,9.04518e-11,1.80904e-10,0.0845482,20,0,0,108,5,120,7,120,113,7,0,0.015625
SPARC-L,greedy-arr,SA-BT-50-5-50,20,280,0.912191,0.902602,0.922098,0.912827,0.912299,5.0018e-13,1.00036e-12,0.0248859,20,0,0,253,26,280,0,280,280,0,0,1
SPARC-L,greedy-arr,SA-BT-50-5-50|F1,20,120,0.932722,0.926552,0.939195,0.934641,0.931844,1.98174e-14,3.96347e-14,0.0157625,20,0,0,109,11,120,0,120,120,0,0,1
SPARC-L,greedy-arr,SA-BT-50-5-50|F2,20,40,0.899055,0.876278,0.923601,0.907191,0.898499,1.2101e-07,2.4202e-07,0.0609836,19,1,0,37,3,40,0,40,40,0,0,1
SPARC-L,greedy-arr,SA-BT-50-5-50|F3,20,120,0.896435,0.87829,0.914913,0.89443,0.895778,1.46066e-09,2.92131e-09,0.0471485,20,0,0,107,12,120,0,120,120,0,0,1
SPARC-L,greedy-arr,F1-R1,78,151,0.814269,0.795736,0.833278,0.874194,0.831465,2.36788e-17,4.73577e-17,0.168276,78,0,0,149,2,160,9,160,151,9,0,0.00390625
SPARC-L,greedy-arr,F1-R2,78,153,0.810144,0.797024,0.823114,0.826584,0.823487,5.14252e-22,1.0285e-21,0.139379,78,0,0,149,4,160,7,160,153,7,0,0.015625
SPARC-L,greedy-arr,F1-R3,77,149,0.828145,0.813289,0.843153,0.857805,0.844972,2.43579e-19,4.87158e-19,0.139036,75,2,0,142,7,160,11,160,149,11,0,0.000976562
SPARC-L,greedy-arr,F2-R2N3,78,153,0.800407,0.785444,0.815328,0.821885,0.820677,7.06688e-22,1.41338e-21,0.148256,77,1,0,150,3,160,7,160,153,7,0,0.015625
SPARC-L,greedy-arr,F3-pf0.1,76,148,0.800496,0.784521,0.816895,0.823863,0.808944,5.12776e-25,1.02555e-24,0.127063,76,0,0,142,6,160,12,160,148,12,0,0.000488281
SPARC-L,greedy-arr,F3-pf0.2,74,145,0.787549,0.764425,0.810416,0.819575,0.805738,5.75432e-19,1.15086e-18,0.173459,73,1,0,136,9,160,15,160,145,15,0,6.10352e-05
SPARC-L,greedy-arr,F3-pf0.2-R2,76,140,0.807973,0.788352,0.827479,0.832033,0.822606,2.43402e-18,4.86804e-18,0.16307,75,1,0,130,9,160,20,160,140,20,0,1.90735e-06
SPARC-L,greedy-arr,F1-F3 family-balanced,80,234,0.792834,0.779673,0.805788,0.829689,0.816163,2.1722e-22,4.3444e-22,0.154622,80,0,0,233,1,1120,81,,,,,
SPARC-L,greedy-arr,F1-F3 failures=200,80,1120,0.761257,0.737709,0.783911,0.830462,0.805114,2.53441e-16,5.06883e-16,0.239796,80,0,0,1079,40,1120,0,,,,,
SPARC-L,SPARC-L>B4-eq,F1-F3,80,1120,0.98494,0.981042,0.98893,0.982901,0.984848,1.01971e-10,2.03942e-10,0.0186081,65,15,0,623,422,1120,0,1120,1120,0,0,1
SPARC-L,SPARC-L>B4-eq,F1,80,480,0.986659,0.983046,0.990292,0.988822,0.987335,3.47969e-09,6.95938e-09,0.0185131,64,16,0,276,156,480,0,480,480,0,0,1
SPARC-L,SPARC-L>B4-eq,F2,80,160,0.993252,0.983715,1.00279,0.99236,0.993108,0.0921539,0.184308,0.0452188,47,32,1,89,67,160,0,160,160,0,0,1
SPARC-L,SPARC-L>B4-eq,F3,80,480,0.980475,0.972508,0.988339,0.982877,0.98209,6.9723e-06,1.39446e-05,0.0380611,56,24,0,258,199,480,0,480,480,0,0,1
SPARC-L,SPARC-L>B4-eq,MA-AT-25-5-50,20,280,0.982481,0.974891,0.990518,0.979959,0.981838,0.000200405,0.00040081,0.018451,17,3,0,177,95,280,0,280,280,0,0,1
SPARC-L,SPARC-L>B4-eq,MA-AT-25-5-50|F1,20,120,0.976343,0.967619,0.984988,0.971995,0.976567,3.03397e-05,6.06795e-05,0.0209068,17,3,0,88,32,120,0,120,120,0,0,1
SPARC-L,SPARC-L>B4-eq,MA-AT-25-5-50|F2,20,40,0.981242,0.964097,0.998415,0.976711,0.981248,0.0263548,0.0527097,0.0409843,14,6,0,25,15,40,0,40,40,0,0,1
SPARC-L,SPARC-L>B4-eq,MA-AT-25-5-50|F3,20,120,0.989073,0.975601,1.00373,0.983735,0.985635,0.0722498,0.1445,0.0322843,15,5,0,64,48,120,0,120,120,0,0,1
SPARC-L,SPARC-L>B4-eq,MA-AT-50-5-50,20,280,0.986286,0.975704,0.997465,0.983466,0.985936,0.0142902,0.0285803,0.0260673,15,5,0,142,124,280,0,280,280,0,0,1
SPARC-L,SPARC-L>B4-eq,MA-AT-50-5-50|F1,20,120,0.995158,0.98755,1.00271,0.992228,0.993921,0.120976,0.241952,0.017971,12,8,0,56,54,120,0,120,120,0,0,1
SPARC-L,SPARC-L>B4-eq,MA-AT-50-5-50|F2,20,40,1.00527,0.980242,1.03001,0.99898,1.00735,0.656063,0.687874,0.0576333,10,10,0,20,20,40,0,40,40,0,0,1
SPARC-L,SPARC-L>B4-eq,MA-AT-50-5-50|F3,20,120,0.9713,0.947537,0.993868,0.979718,0.976555,0.0152214,0.0304428,0.0556884,14,6,0,66,50,120,0,120,120,0,0,1
SPARC-L,SPARC-L>B4-eq,SA-AT-50-5-50,20,280,0.986597,0.981689,0.991763,0.986056,0.98664,4.26912e-05,8.53823e-05,0.0121463,16,4,0,167,112,280,0,280,280,0,0,1
SPARC-L,SPARC-L>B4-eq,SA-AT-50-5-50|F1,20,120,0.984284,0.977455,0.990913,0.986038,0.986185,0.000178374,0.000356748,0.016342,19,1,0,80,40,120,0,120,120,0,0,1
SPARC-L,SPARC-L>B4-eq,SA-AT-50-5-50|F2,20,40,0.992612,0.981296,1.0042,0.995757,0.993083,0.115834,0.231668,0.0268407,12,8,0,25,15,40,0,40,40,0,0,1
SPARC-L,SPARC-L>B4-eq,SA-AT-50-5-50|F3,20,120,0.986915,0.976478,0.997185,0.988132,0.987321,0.0138208,0.0276415,0.0246952,13,7,0,62,57,120,0,120,120,0,0,1
SPARC-L,SPARC-L>B4-eq,SA-BT-50-5-50,20,280,0.984402,0.977594,0.991074,0.983151,0.984718,0.000169788,0.000339576,0.0161371,17,3,0,137,91,280,0,280,280,0,0,1
SPARC-L,SPARC-L>B4-eq,SA-BT-50-5-50|F1,20,120,0.990952,0.985363,0.996645,0.989707,0.990807,0.00333501,0.00667001,0.0133511,16,4,0,52,30,120,0,120,120,0,0,1
SPARC-L,SPARC-L>B4-eq,SA-BT-50-5-50|F2,20,40,0.994028,0.973776,1.01558,0.995353,0.994029,0.298114,0.596229,0.0497084,11,8,1,19,17,40,0,40,40,0,0,1
SPARC-L,SPARC-L>B4-eq,SA-BT-50-5-50|F3,20,120,0.974729,0.961557,0.98797,0.975908,0.974202,0.000970486,0.00194097,0.0318624,14,6,0,66,44,120,0,120,120,0,0,1
SPARC-L,SPARC-L>B4-eq,F1-R1,80,160,0.98545,0.979562,0.991505,0.991354,0.986975,8.66591e-06,1.73318e-05,0.0286457,49,29,2,98,51,160,0,160,160,0,0,1
SPARC-L,SPARC-L>B4-eq,F1-R2,80,160,0.984079,0.976918,0.991409,0.985323,0.983223,3.89231e-05,7.78462e-05,0.0344354,55,22,3,92,55,160,0,160,160,0,0,1
SPARC-L,SPARC-L>B4-eq,F1-R3,80,160,0.990458,0.984886,0.996182,0.990758,0.990624,0.00247959,0.00495918,0.0296645,51,25,4,86,50,160,0,160,160,0,0,1
SPARC-L,SPARC-L>B4-eq,F2-R2N3,80,160,0.993252,0.983715,1.00279,0.99236,0.993108,0.0921539,0.184308,0.0452188,47,32,1,89,67,160,0,160,160,0,0,1
SPARC-L,SPARC-L>B4-eq,F3-pf0.1,80,160,0.984515,0.970598,0.998569,0.982932,0.984379,0.0187563,0.0375126,0.0659731,47,31,2,83,62,160,0,160,160,0,0,1
SPARC-L,SPARC-L>B4-eq,F3-pf0.2,80,160,0.9788,0.967087,0.99033,0.986341,0.984462,0.000703353,0.00140671,0.0579008,51,29,0,85,69,160,0,160,160,0,0,1
SPARC-L,SPARC-L>B4-eq,F3-pf0.2-R2,80,160,0.978122,0.966286,0.98997,0.977227,0.978592,0.000421111,0.000842221,0.0569952,51,29,0,90,68,160,0,160,160,0,0,1
SPARC-L,SPARC-L>B4-eq,F1-F3 family-balanced,80,240,0.986781,0.982459,0.991093,0.985688,0.986651,9.82714e-08,1.96543e-07,0.0208721,60,20,0,167,72,1120,0,,,,,
SPARC-L,B4-eq>SPARC-L,F1-F3,80,1120,1.00002,0.994994,1.00498,1.0014,0.999853,0.503046,0.993908,0.0232523,38,42,0,496,517,1120,0,1120,1120,0,0,1
SPARC-L,B4-eq>SPARC-L,F1,80,480,0.99798,0.994074,1.00211,0.99665,0.997168,0.16936,0.338721,0.0187909,49,31,0,200,189,480,0,480,480,0,0,1
SPARC-L,B4-eq>SPARC-L,F2,80,160,0.998786,0.987595,1.00951,0.998986,1.0004,0.417634,0.835268,0.0520821,41,39,0,73,81,160,0,160,160,0,0,1
SPARC-L,B4-eq>SPARC-L,F3,80,480,1.00248,0.992896,1.01182,1.00748,1.00365,0.69101,0.617981,0.0441879,33,47,0,223,247,480,0,480,480,0,0,1
SPARC-L,B4-eq>SPARC-L,MA-AT-25-5-50,20,280,0.996104,0.987836,1.00402,0.997319,0.996464,0.18595,0.371901,0.0190884,12,8,0,145,135,280,0,280,280,0,0,1
SPARC-L,B4-eq>SPARC-L,MA-AT-25-5-50|F1,20,120,0.995383,0.988154,1.00228,0.996355,0.99606,0.111686,0.223372,0.0164432,13,7,0,65,55,120,0,120,120,0,0,1
SPARC-L,B4-eq>SPARC-L,MA-AT-25-5-50|F2,20,40,0.990586,0.96405,1.01486,0.998722,0.994634,0.24679,0.493581,0.0605938,11,9,0,21,19,40,0,40,40,0,0,1
SPARC-L,B4-eq>SPARC-L,MA-AT-25-5-50|F3,20,120,0.998674,0.981641,1.01546,1.00502,0.99936,0.440743,0.881486,0.0392784,9,11,0,59,61,120,0,120,120,0,0,1
SPARC-L,B4-eq>SPARC-L,MA-AT-50-5-50,20,280,1.00304,0.989696,1.01694,1.00107,1.00189,0.6607,0.6786,0.0322093,10,10,0,118,141,280,0,280,280,0,0,1
SPARC-L,B4-eq>SPARC-L,MA-AT-50-5-50|F1,20,120,0.999148,0.990664,1.00832,0.995696,0.997231,0.42896,0.857919,0.0210122,13,7,0,50,52,120,0,120,120,0,0,1
SPARC-L,B4-eq>SPARC-L,MA-AT-50-5-50|F2,20,40,1.01113,0.984718,1.03665,1.02579,1.01324,0.794566,0.410867,0.0588814,9,11,0,16,24,40,0,40,40,0,0,1
SPARC-L,B4-eq>SPARC-L,MA-AT-50-5-50|F3,20,120,1.00424,0.978043,1.0298,1.01007,1.009,0.620438,0.759124,0.0608725,7,13,0,52,65,120,0,120,120,0,0,1
SPARC-L,B4-eq>SPARC-L,SA-AT-50-5-50,20,280,1.00474,0.994781,1.0146,1.00486,1.00482,0.815013,0.369974,0.0230313,6,14,0,121,141,280,0,280,280,0,0,1
SPARC-L,B4-eq>SPARC-L,SA-AT-50-5-50|F1,20,120,0.996303,0.986208,1.00699,0.989517,0.993962,0.252347,0.504695,0.0243594,12,8,0,51,53,120,0,120,120,0,0,1
SPARC-L,B4-eq>SPARC-L,SA-AT-50-5-50|F2,20,40,1.00726,0.987777,1.02662,1.00277,1.00765,0.75993,0.48014,0.044936,9,11,0,18,21,40,0,40,40,0,0,1
SPARC-L,B4-eq>SPARC-L,SA-AT-50-5-50|F3,20,120,1.0124,0.995162,1.03034,1.02282,1.01154,0.904711,0.190578,0.0406129,7,13,0,52,67,120,0,120,120,0,0,1
SPARC-L,B4-eq>SPARC-L,SA-BT-50-5-50,20,280,0.99623,0.989453,1.00308,0.998314,0.996156,0.150102,0.300204,0.0158597,10,10,0,112,100,280,0,280,280,0,0,1
SPARC-L,B4-eq>SPARC-L,SA-BT-50-5-50|F1,20,120,1.0011,0.996084,1.0063,0.998555,1.00029,0.657786,0.684428,0.0118773,11,9,0,34,29,120,0,120,120,0,0,1
SPARC-L,B4-eq>SPARC-L,SA-BT-50-5-50|F2,20,40,0.986384,0.968395,1.00265,0.993248,0.99155,0.0738652,0.14773,0.0406283,12,8,0,18,17,40,0,40,40,0,0,1
SPARC-L,B4-eq>SPARC-L,SA-BT-50-5-50|F3,20,120,0.994675,0.980082,1.00785,0.994267,0.994964,0.233624,0.467249,0.0321869,10,10,0,60,54,120,0,120,120,0,0,1
SPARC-L,B4-eq>SPARC-L,F1-R1,80,160,0.992476,0.984502,1.00057,0.995667,0.992874,0.038023,0.076046,0.037577,45,32,3,80,65,160,0,160,160,0,0,1
SPARC-L,B4-eq>SPARC-L,F1-R2,80,160,1.00645,0.998861,1.01409,1.00615,1.00596,0.94209,0.115821,0.036171,33,47,0,66,85,160,0,160,160,0,0,1
SPARC-L,B4-eq>SPARC-L,F1-R3,80,160,0.995068,0.989387,1.00084,1,0.996839,0.0563882,0.112776,0.0275752,32,22,26,54,39,160,0,160,160,0,0,1
SPARC-L,B4-eq>SPARC-L,F2-R2N3,80,160,0.998786,0.987595,1.00951,0.998986,1.0004,0.417634,0.835268,0.0520821,41,39,0,73,81,160,0,160,160,0,0,1
SPARC-L,B4-eq>SPARC-L,F3-pf0.1,80,160,1.00268,0.988346,1.01716,1.00683,1.00162,0.636488,0.727023,0.0682274,38,42,0,71,89,160,0,160,160,0,0,1
SPARC-L,B4-eq>SPARC-L,F3-pf0.2,80,160,1.00461,0.989478,1.02033,1.00104,1.00455,0.717566,0.564868,0.0711713,40,40,0,75,84,160,0,160,160,0,0,1
SPARC-L,B4-eq>SPARC-L,F3-pf0.2-R2,80,160,1.00015,0.985493,1.01412,1.00208,1.0019,0.507796,0.984407,0.067841,39,41,0,77,74,160,0,160,160,0,0,1
SPARC-L,B4-eq>SPARC-L,F1-F3 family-balanced,80,240,0.999746,0.994364,1.00513,1.0016,0.99984,0.464246,0.928492,0.0252831,37,43,0,123,117,1120,0,,,,,
RL(g.)-arr,RL(g.),F1-F3,80,1117,0.99278,0.990541,0.994966,1,0.994063,1.00901e-06,2.01801e-06,0.0126328,33,7,40,329,219,1120,3,1119,1117,2,0,0.5
RL(s.1),RL(g.),F1-F3,80,1117,1.00428,0.999975,1.00854,1.00217,1.00422,0.968803,0.0623942,0.020189,37,43,0,537,577,1120,3,1118,1117,1,0,1
greedy,RL(g.),F1-F3,80,1038,1.15978,1.1385,1.18223,1.12035,1.13074,1,6.16786e-14,0.145671,4,76,0,208,830,1120,82,1038,1117,0,79,3.30872e-24
B5,B4-eq,F1-F3,80,1120,0.993273,0.988872,0.997768,0.991231,0.993127,0.00418894,0.00837787,0.0223238,51,29,0,577,513,1120,0,1120,1120,0,0,1
SPARC-H,B4-eq,F1-F3,80,1120,0.962683,0.957881,0.967424,0.958399,0.961691,3.48698e-22,6.97396e-22,0.0255498,73,7,0,756,337,1120,0,1120,1120,0,0,1
every-event,B4-eq,F1-F3,80,1120,0.975167,0.970824,0.979498,0.975126,0.97484,3.76955e-17,7.53909e-17,0.0212089,68,12,0,689,400,1120,0,1120,1120,0,0,1
B4-4eq,B4-eq,F1-F3,80,1120,0.993381,0.98932,0.99746,0.993531,0.993208,0.00183061,0.00366122,0.0198304,49,31,0,563,479,1120,0,1120,1120,0,0,1
ins-only,B4-eq,F1-F3,80,1120,1.14525,1.13376,1.15708,1.14819,1.14468,1,2.25179e-29,0.0681475,0,80,0,132,965,1120,0,1120,1120,0,0,1
SPARC-L>B4-eq,B4-eq,F1-F3,80,1120,0.999796,0.994955,1.00471,0.995495,0.99882,0.468305,0.93661,0.0228587,43,37,0,519,497,1120,0,1120,1120,0,0,1
B4-eq>SPARC-L,B4-eq,F1-F3,80,1120,0.98472,0.980884,0.988696,0.982861,0.984399,8.74081e-11,1.74816e-10,0.0187931,65,15,0,621,436,1120,0,1120,1120,0,0,1
SPARC-rk,SPARC-L,F1-F3,80,1120,0.986721,0.981458,0.991966,0.989019,0.988888,5.21079e-05,0.000104216,0.0292563,53,27,0,597,416,1120,0,1120,1120,0,0,1
SPARC-L+t0,SPARC-L,F1-F3,80,1120,0.991468,0.987514,0.995349,0.992313,0.991763,4.14237e-05,8.28474e-05,0.0184612,53,27,0,539,472,1120,0,1120,1120,0,0,1
B4-eq+t0,B4-eq,F1-F3,80,1120,0.999533,0.995397,1.00375,1.00093,0.999312,0.415384,0.830767,0.0194676,38,42,0,413,416,1120,0,1120,1120,0,0,1
SPARC-L+t0,SPARC-H,F1-F3,80,1120,1.01418,1.01048,1.01803,1.01335,1.01437,1,2.29973e-09,0.0186801,16,64,0,403,608,1120,0,1120,1120,0,0,1
SPARC-L,open-loop,F0,80,480,1,1,1,1,1,1,1,0,0,0,80,0,0,480,0,,,,,
SPARC-L,every-event,F0,80,480,1.025,1.0151,1.0349,1.02745,1.0287,0.999996,8.61312e-06,0.0463972,16,64,0,151,312,480,0,,,,,
SPARC-L,B4-eq,replication SPARC-L F1,80,480,0.99122,0.986338,0.996171,0.99312,0.991597,0.000632051,0.0012641,0.0235855,54,26,0,251,208,480,0,480,480,0,0,1
SPARC-L,B4-eq,replication SPARC-L F2,80,160,0.986527,0.977604,0.995413,0.98551,0.987438,0.002967,0.005934,0.0429029,49,31,0,95,65,160,0,160,160,0,0,1
SPARC-L,B4-eq,replication SPARC-L F3,80,478,0.972643,0.964116,0.98125,0.969928,0.97214,1.98385e-08,3.9677e-08,0.040784,59,21,0,284,194,478,0,478,478,0,0,1
SPARC-L,B4-eq,replication F1-F3,80,1118,0.982529,0.978587,0.986511,0.982625,0.982442,2.76361e-12,5.52722e-12,0.0194583,65,15,0,630,467,1118,0,1118,1118,0,0,1
SPARC-rk,B4-eq,replication SPARC-rk F1,80,480,0.982488,0.976692,0.988575,0.988109,0.98479,5.89007e-06,1.17801e-05,0.0337784,52,28,0,289,181,480,0,480,480,0,0,1
SPARC-rk,B4-eq,replication SPARC-rk F2,80,160,0.971984,0.96156,0.982164,0.972431,0.974354,1.06208e-05,2.12415e-05,0.0562014,53,27,0,97,62,160,0,160,160,0,0,1
SPARC-rk,B4-eq,replication SPARC-rk F3,80,478,0.949013,0.940091,0.958742,0.949256,0.94772,5.44896e-16,1.08979e-15,0.0467954,70,10,0,338,140,478,0,478,478,0,0,1
SPARC-rk,B4-eq,replication F1-F3,80,1118,0.966465,0.961366,0.971959,0.966802,0.967884,4.50126e-16,9.00252e-16,0.0303702,73,7,0,724,383,1118,0,1118,1118,0,0,1
SPARC-L,SPARC-rk,replication SPARC-L F1,80,480,1.00889,1.0032,1.01442,1.00318,1.005,0.994949,0.0101022,0.0300277,32,48,0,171,228,480,0,480,480,0,0,1
SPARC-L,SPARC-rk,replication SPARC-L F2,80,160,1.01496,1.00465,1.02523,1.01503,1.01404,0.99492,0.0101607,0.0504369,30,49,1,59,96,160,0,160,160,0,0,1
SPARC-L,SPARC-rk,replication SPARC-L F3,80,478,1.0249,1.01766,1.03172,1.02742,1.02542,1,6.7023e-09,0.0338556,20,60,0,168,293,478,0,478,478,0,0,1
SPARC-L,SPARC-rk,replication F1-F3,80,1118,1.01662,1.01191,1.02124,1.01188,1.01386,1,8.35498e-08,0.0249611,19,61,0,398,617,1118,0,1118,1118,0,0,1
SPARC-L,B4-eq,secondary MA-AT-50-5-200,20,278,0.987311,0.978681,0.9964,0.983171,0.986146,0.00693309,0.0138662,0.0210678,14,6,0,172,106,280,2,278,279,0,1,1
SPARC-L,B4-4eq,secondary MA-AT-50-5-200,20,278,0.996866,0.989193,1.00537,0.995443,0.995478,0.23429,0.468579,0.0189786,13,7,0,153,125,280,2,278,279,0,1,1
SPARC-L,B4-impl,secondary MA-AT-50-5-200,20,278,0.980679,0.974409,0.987402,0.978987,0.979501,1.23384e-05,2.46768e-05,0.0157776,17,3,0,187,91,280,2,278,279,0,1,1
SPARC-L,B4-r12,secondary MA-AT-50-5-200,20,278,0.996866,0.989193,1.00537,0.995443,0.995478,0.23429,0.468579,0.0189786,13,7,0,153,125,280,2,278,279,0,1,1
SPARC-L,ins-only,secondary MA-AT-50-5-200,20,270,0.785485,0.769482,0.801913,0.778336,0.783252,2.98391e-15,5.96782e-15,0.0492565,20,0,0,264,6,280,10,278,270,8,0,0.0078125
SPARC-L,every-event,secondary MA-AT-50-5-200,20,278,1.0358,1.02597,1.04513,1.04581,1.036,1,7.76297e-07,0.0218556,2,18,0,74,204,280,2,278,278,0,0,1
SPARC-L,open-loop,secondary MA-AT-50-5-200,20,277,0.819033,0.807703,0.829551,0.824849,0.821133,2.05386e-17,4.10772e-17,0.0310994,20,0,0,272,5,280,3,278,277,1,0,1
SPARC-L,B5,secondary MA-AT-50-5-200,20,278,0.98335,0.977646,0.989079,0.981388,0.982919,1.30244e-05,2.60488e-05,0.0136393,18,2,0,161,79,280,2,278,278,0,0,1
SPARC-L,SPARC-H,secondary MA-AT-50-5-200,20,278,1.04364,1.03842,1.04888,1.04082,1.04347,1,1.39618e-12,0.0117844,0,20,0,48,230,280,2,278,279,0,1,1
SPARC-L,RL(g.),secondary MA-AT-50-5-200,20,278,0.956542,0.939571,0.975778,0.950269,0.951515,0.000106373,0.000212746,0.0435499,16,4,0,201,77,280,2,278,279,0,1,1
SPARC-L,greedy,secondary MA-AT-50-5-200,20,276,0.832743,0.81678,0.850791,0.829226,0.828483,2.4085e-13,4.81699e-13,0.0475734,20,0,0,272,4,280,4,278,276,2,0,0.5
