gate,comparator,decision,detail
T1/K1,B4-eq,fail,"pooled 0.9847 [0.9806, 0.9890] (need <= 0.97 and hi < 1); settings < 1: 4/4 (need >= 3)"
T1 sensitivity,B4-2eq,fail,"pooled 0.9884 [0.9838, 0.9930] (need <= 0.97 and hi < 1); settings < 1: 4/4 (need >= 3)"
T1 sensitivity,B4-4eq,fail,"pooled 0.9913 [0.9867, 0.9959] (need <= 0.97 and hi < 1); settings < 1: 4/4 (need >= 3)"
T1 sensitivity,B4-impl,fail,"pooled 0.9740 [0.9695, 0.9785] (need <= 0.97 and hi < 1); settings < 1: 4/4 (need >= 3)"
T1 sensitivity,B4-r12,fail,"pooled 0.9723 [0.9679, 0.9767] (need <= 0.97 and hi < 1); settings < 1: 4/4 (need >= 3)"
T1 exploratory,SPARC-H vs B4-eq,pass,"pooled 0.9627 [0.9579, 0.9674] (need <= 0.97 and hi < 1); settings < 1: 4/4 (need >= 3)"
T1 exploratory,SPARC-rk vs B4-eq,fail,"pooled 0.9717 [0.9665, 0.9768] (need <= 0.97 and hi < 1); settings < 1: 4/4 (need >= 3)"
T1 exploratory,SPARC-L+t0 vs B4-eq+t0,fail,"pooled 0.9768 [0.9721, 0.9815] (need <= 0.97 and hi < 1); settings < 1: 4/4 (need >= 3)"
K2,"ins-only (F3), B4-eq (F1)",does not fire,SPARC/ins-only F3 0.8279 (> 0.98? False); SPARC/B4 F1 0.9881 (> 0.97? True)
T2,every-event,descriptive,"1.0098 [1.0052, 1.0145]"
T3,open-loop,pass,"GM 1.0000 [1.0000, 1.0000], TOST +-2% p=0.00e+00 (t), bootstrap 90% CI of mean log r [0.0000, 0.0000], equivalent True; identical makespans 100.0% of 480 pairs; SPARC-L re-plans per F0 episode 1-1"
F0 S2 analogue (descriptive),every-event,see detail,"GM 1.0250 [1.0151, 1.0349], TOST +-2% p=8.26e-01 (t), bootstrap 90% CI of mean log r [0.0165, 0.0328], equivalent False; identical makespans 3.5% of 480 pairs; SPARC-L re-plans per F0 episode 1-1"
E2a preview,SPARC-H,not shown,"mean log r +0.0227 (ratio 1.0229); TOST +-2% p=8.57e-01; bootstrap 90% CI [1.0189, 1.0269]; equivalent (t) False, (bootstrap) False"
K3 preview,RL(g.),does not fire,"0.9144 [0.9074, 0.9214]"
K3 preview,RL(g.)-arr,does not fire,"0.9209 [0.9141, 0.9275]"
K3 preview,RL(s.1),does not fire,"0.9104 [0.9036, 0.9171]"
K3 preview,RL(s.1)-arr,does not fire,"0.9168 [0.9100, 0.9234]"
replication (exploratory),SPARC-L vs B4-eq (seeds 2-3),T1 rule fail,"0.9825 [0.9786, 0.9865]"
replication (exploratory),SPARC-rk vs B4-eq (seeds 2-3),T1 rule pass,"0.9665 [0.9614, 0.9720]"
replication (exploratory),SPARC-L vs SPARC-rk (seeds 2-3),descriptive,"1.0166 [1.0119, 1.0212]"
