label,setting,family,n,success,success_rate,mean_makespan,gm_makespan,replans,route_versions,structural_events,travel,wasted_trips,abandons,restarts,cpu_ep_p50_med,cpu_ep_p95_med,cpu_ep_p95_max,cpu_p50,cpu_p95,cpu_max,cpu_episode_s
SPARC-L,ALL,F1-F3,1120,1120,1,40.4087,38.3295,28.0616,334.502,44.0777,83.5226,0.0830357,6.28839,1.00893,13.0044,25.6826,81.2471,8.53475,31.3042,415.397,0.464354
SPARC-L,ALL,F0,480,480,1,34.0867,32.1908,1,42.9292,1,82.6716,0,0,0,63.9054,63.9054,574.04,63.9055,90.4181,574.04,0.119121
SPARC-L,ALL,F1,480,480,1,37.2344,35.9309,33.7542,300.346,49.325,81.9395,0,0,0,6.25393,18.0734,42.3671,6.17495,24.7112,415.397,0.443048
SPARC-L,ALL,F2,160,160,1,42.7372,41.0018,36.125,453.488,46.3687,81.0764,0,0,0,14.6015,21.8457,42.9444,11.7827,30.584,65.9876,0.622389
SPARC-L,ALL,F3,480,480,1,42.8068,39.9799,19.6812,328.996,38.0667,85.9211,0.19375,14.6729,2.35417,21.5731,43.1158,81.2471,14.5853,43.7085,105.581,0.432982
SPARC-L,MA-AT-25-5-50,F1-F3,280,280,1,53.6083,51.8032,27,250.082,33.9107,61.9762,0.0357143,2.43929,0.578571,15.7029,25.1312,60.9422,13.4575,27.8768,415.397,0.44782
SPARC-L,MA-AT-25-5-50,F0,120,120,1,46.9069,45.664,1,24.85,1,60.0562,0,0,0,58.4268,58.4268,574.04,58.4268,89.7251,574.04,0.118966
SPARC-L,MA-AT-25-5-50,F1,120,120,1,49.6551,48.5861,34.5917,270.425,41.4583,62.3878,0,0,0,11.2545,22.2229,42.3671,10.8307,23.7664,415.397,0.486811
SPARC-L,MA-AT-25-5-50,F2,40,40,1,56.9955,55.7055,36.375,376.875,41.475,59.145,0,0,0,16.8635,22.8797,36.4929,16.2582,27.5359,49.5082,0.641339
SPARC-L,MA-AT-25-5-50,F3,120,120,1,56.4324,53.9123,16.2833,187.475,23.8417,62.5083,0.0833333,5.69167,1.35,23.1377,46.0957,60.9422,16.6099,36.4929,64.063,0.344322
SPARC-L,MA-AT-50-5-50,F1-F3,280,280,1,33.1131,32.383,32.2357,248.732,48.05,70.8792,0.0571429,4.725,1.11786,9.83014,20.2899,74.4953,7.4132,27.1534,90.6358,0.45959
SPARC-L,MA-AT-50-5-50,F0,120,120,1,27.822,27.1474,1,46.8667,1,73.139,0,0,0,67.8121,67.8121,108.89,67.8121,98.8502,108.89,0.124589
SPARC-L,MA-AT-50-5-50,F1,120,120,1,31.4306,31.1373,37.975,217.833,56.2167,68.6769,0,0,0,5.70299,15.0033,35.6419,5.76765,20.2928,54.5905,0.433514
SPARC-L,MA-AT-50-5-50,F2,40,40,1,35.9916,35.4994,42.825,321.7,52.8,70.0271,0,0,0,10.8717,19.8755,35.8007,10.6691,25.1445,45.4453,0.620745
SPARC-L,MA-AT-50-5-50,F3,120,120,1,33.836,32.6628,22.9667,255.308,38.3,73.3657,0.133333,11.025,2.60833,16.7113,46.6103,74.4953,12.9129,36.9267,90.6358,0.431947
SPARC-L,SA-AT-50-5-50,F1-F3,280,280,1,46.6412,45.812,24.2107,644.593,44.6107,125.052,0.185714,12.9536,1.09286,23.3045,34.9965,81.2471,18.9375,41.8066,105.581,0.61632
SPARC-L,SA-AT-50-5-50,F0,120,120,1,38.709,38.276,1,50,1,118.451,0,0,0,79.678,79.678,128.839,79.678,91.2602,128.839,0.140356
SPARC-L,SA-AT-50-5-50,F1,120,120,1,40.0452,39.895,28.2833,559.5,39.6,122.082,0,0,0,10.2405,29.249,39.8051,10.0811,30.8822,59.9454,0.536537
SPARC-L,SA-AT-50-5-50,F2,40,40,1,47.9918,47.8352,28.9,892.7,38.75,118.24,0,0,0,24.4273,34.8592,42.9444,23.3634,37.4679,65.9876,0.79753
SPARC-L,SA-AT-50-5-50,F3,120,120,1,52.787,51.8542,18.575,646.983,51.575,130.293,0.433333,30.225,2.55,33.507,64.5671,81.2471,27.1678,52.4641,105.581,0.635699
SPARC-L,SA-BT-50-5-50,F1-F3,280,280,1,28.2721,28.0853,28.8,194.6,49.7393,76.1829,0.0535714,5.03571,1.24643,7.44408,14.9268,54.1639,5.6223,18.8249,66.6662,0.333686
SPARC-L,SA-BT-50-5-50,F0,120,120,1,22.909,22.6306,1,50,1,79.0405,0,0,0,44.5854,44.5854,70.1327,44.5855,53.0506,70.1327,0.0925728
SPARC-L,SA-BT-50-5-50,F1,120,120,1,27.8065,27.616,34.1667,153.625,60.025,74.6117,0,0,0,5.16126,10.8765,20.6397,4.7866,13.8575,39.0752,0.315329
SPARC-L,SA-BT-50-5-50,F2,40,40,1,29.97,29.8775,36.4,222.675,52.45,76.8937,0,0,0,7.53891,14.9268,24.5473,7.29665,17.5989,43.2891,0.42994
SPARC-L,SA-BT-50-5-50,F3,120,120,1,28.1716,27.9796,20.9,226.217,38.55,77.5172,0.125,11.75,2.90833,12.8065,36.09,54.1639,9.35565,27.856,66.6662,0.319959
B4-eq,ALL,F1-F3,1120,1120,1,41.1076,38.9235,27.6545,403.164,43.9589,83.9147,0.0401786,6.33482,0.992857,38.9456,59.2201,235.967,34.5678,70.2682,443.344,1.26005
B4-eq,ALL,F1,480,480,1,37.7829,36.3626,33.1313,370.092,49.0333,82.7905,0,0,0,30.9473,47.5549,102.442,30.874,58.9524,443.344,1.34058
B4-eq,ALL,F2,160,160,1,43.2911,41.4999,35.65,580.156,46.4813,82.0319,0,0,0,40.0899,54.7543,123.684,38.9864,69.6472,125.684,1.66553
B4-eq,ALL,F3,480,480,1,43.7045,40.784,19.5125,377.24,38.0438,85.6667,0.09375,14.7812,2.31667,50.4658,100.287,235.967,41.368,97.489,280.719,1.04436
B4-eq,MA-AT-25-5-50,F1-F3,280,280,1,54.9393,52.9452,26.5893,314.35,33.6464,62.7247,0.0285714,2.31429,0.532143,38.8204,54.5021,193.256,36.2479,57.9133,399.65,1.10502
B4-eq,MA-AT-25-5-50,F1,120,120,1,50.9156,49.7731,33.875,345.6,40.9083,63.5259,0,0,0,32.9921,48.1889,67.4268,32.9023,52.3588,399.65,1.27109
B4-eq,MA-AT-25-5-50,F2,40,40,1,58.4061,57.1716,35.9,489.8,41.975,61.0917,0,0,0,40.7386,54.3195,67.0433,40.5741,57.6587,78.3371,1.54629
B4-eq,MA-AT-25-5-50,F3,120,120,1,57.8074,54.8961,16.2,224.617,23.6083,62.4678,0.0666667,5.4,1.24167,49.9928,108.022,193.256,40.9908,91.5932,207.651,0.791874
B4-eq,MA-AT-50-5-50,F1-F3,280,280,1,33.7888,32.9827,31.8143,319.057,47.8679,71.0921,0.0285714,4.84643,1.07143,37.0466,54.4739,167.947,34.377,59.7308,443.344,1.3477
B4-eq,MA-AT-50-5-50,F1,120,120,1,31.8918,31.5363,37.7167,277.592,55.875,68.8567,0,0,0,31.1719,45.544,96.922,31.2367,50.2556,443.344,1.43937
B4-eq,MA-AT-50-5-50,F2,40,40,1,36.3661,35.8235,41.875,464.725,52.425,70.8109,0,0,0,39.8168,54.8623,74.819,39.4779,58.5902,98.1966,1.82772
B4-eq,MA-AT-50-5-50,F3,120,120,1,34.8267,33.5582,22.5583,311.967,38.3417,73.4213,0.0666667,11.3083,2.5,44.3234,106.976,167.947,40.316,79.019,186.635,1.09603
B4-eq,SA-AT-50-5-50,F1-F3,280,280,1,47.0993,46.2886,23.9357,752.268,44.8893,125.342,0.0928571,13.1393,1.09286,57.7635,75.4098,235.967,52.5633,90.2183,400.48,1.52956
B4-eq,SA-AT-50-5-50,F1,120,120,1,40.5174,40.3583,27.7917,680.542,39.6417,123.876,0,0,0,44.481,67.3589,102.442,44.0443,72.5702,400.48,1.5272
B4-eq,SA-AT-50-5-50,F2,40,40,1,48.1598,48.0084,28.95,1083.58,39.35,118.764,0,0,0,59.6259,75.8885,123.684,58.9193,83.7444,125.684,1.90709
B4-eq,SA-AT-50-5-50,F3,120,120,1,53.3277,52.4487,18.4083,713.558,51.9833,129.001,0.216667,30.6583,2.55,72.6136,150.435,235.967,62.36,124.757,280.719,1.40607
B4-eq,SA-BT-50-5-50,F1-F3,280,280,1,28.603,28.3962,28.2786,226.982,49.4321,76.5003,0.0107143,5.03929,1.275,32.2716,46.0991,107.379,28.9481,48.3985,409.841,1.05792
B4-eq,SA-BT-50-5-50,F1,120,120,1,27.8065,27.5983,33.1417,176.633,59.7083,74.9035,0,0,0,27.6026,37.9364,54.6341,26.0072,41.7516,409.841,1.12466
B4-eq,SA-BT-50-5-50,F2,40,40,1,30.2324,30.1663,35.875,282.525,52.175,77.4606,0,0,0,33.3067,46.591,54.4413,32.5453,47.7819,73.9169,1.38104
B4-eq,SA-BT-50-5-50,F3,120,120,1,28.8563,28.6342,20.8833,258.817,38.2417,77.7769,0.025,11.7583,2.975,39.7821,82.8326,107.379,34.559,66.0572,133.83,0.883469
B4-2eq,ALL,F1-F3,1120,1120,1,40.9744,38.7788,27.6946,395.679,44.0339,83.3038,0.0223214,6.38304,0.98125,75.1831,112.033,460.766,66.9548,133.597,502.564,2.37724
B4-2eq,ALL,F1,480,480,1,37.5964,36.2207,33.1958,362.773,49.025,82.1966,0,0,0,59.475,93.066,226.553,59.85,111.712,502.564,2.53596
B4-2eq,ALL,F2,160,160,1,43.3259,41.507,35.4688,565.919,46.45,81.3257,0,0,0,78.9661,103.909,244.279,75.4497,132.214,261.233,3.16576
B4-2eq,ALL,F3,480,480,1,43.5684,40.5873,19.6021,371.837,38.2375,85.0704,0.0520833,14.8938,2.28958,95.9468,183.34,460.766,79.5828,179.102,477.635,1.95569
B4-2eq,MA-AT-25-5-50,F1-F3,280,280,1,54.825,52.8088,26.7,311.807,33.7321,62.1971,0.0321429,2.40714,0.525,75.5486,103.547,417.098,70.2875,110.546,454.759,2.09272
B4-2eq,MA-AT-25-5-50,F1,120,120,1,50.5154,49.448,34.05,344.708,40.9083,62.8504,0,0,0,64.8779,94.1581,122.24,64.2464,98.713,454.759,2.42603
B4-2eq,MA-AT-25-5-50,F2,40,40,1,58.3669,56.9883,35.975,486.1,42,60.6785,0,0,0,80.262,101.618,132.72,77.7459,108.787,144.903,2.92807
B4-2eq,MA-AT-25-5-50,F3,120,120,1,57.9539,54.9841,16.2583,220.808,23.8,62.0501,0.075,5.61667,1.225,96.5616,201.517,417.098,78.9973,172.531,436.67,1.48097
B4-2eq,MA-AT-50-5-50,F1-F3,280,280,1,33.3432,32.5434,31.8714,310.696,48.1357,70.2329,0.0107143,4.89643,1.13214,72.5879,103.709,342.503,66.5797,111.532,502.564,2.55786
B4-2eq,MA-AT-50-5-50,F1,120,120,1,31.5424,31.2005,37.75,272.267,56.025,68.1578,0,0,0,59.2516,88.2487,149.627,60.6668,96.2159,502.564,2.74961
B4-2eq,MA-AT-50-5-50,F2,40,40,1,36.3217,35.8456,41.675,441.65,52.6,69.965,0,0,0,78.8081,104.764,129.958,77.1355,110.047,174.17,3.48802
B4-2eq,MA-AT-50-5-50,F3,120,120,1,34.1511,32.8681,22.725,305.475,38.7583,72.3973,0.025,11.425,2.64167,85.247,201.926,342.503,77.2212,152.08,367.375,2.05607
B4-2eq,SA-AT-50-5-50,F1-F3,280,280,1,46.9889,46.1406,23.8286,739.879,44.7429,124.379,0.0428571,13.2357,1.05357,113.751,149.741,460.766,102.089,169.212,477.635,2.86739
B4-2eq,SA-AT-50-5-50,F1,120,120,1,40.4181,40.2612,27.6417,661.483,39.3,122.955,0,0,0,83.0197,126.263,226.553,84.3918,139.971,471.148,2.83897
B4-2eq,SA-AT-50-5-50,F2,40,40,1,48.4557,48.2937,28.575,1064.3,38.95,117.377,0,0,0,116.874,151.692,244.279,115.902,162.714,261.233,3.63214
B4-2eq,SA-AT-50-5-50,F3,120,120,1,53.0708,52.0808,18.4333,710.133,52.1167,128.136,0.1,30.8833,2.45833,140.792,279.303,460.766,123.204,241.264,477.635,2.6409
B4-2eq,SA-BT-50-5-50,F1-F3,280,280,1,28.7404,28.5184,28.3786,220.332,49.525,76.4066,0.00357143,4.99286,1.21429,61.5387,87.664,220.225,55.8973,90.8902,423.432,1.99099
B4-2eq,SA-BT-50-5-50,F1,120,120,1,27.9097,27.7097,33.3417,172.633,59.8667,74.8231,0,0,0,52.6029,73.1272,109.344,50.3616,80.5095,423.432,2.12922
B4-2eq,SA-BT-50-5-50,F2,40,40,1,30.1594,30.0866,35.65,271.625,52.25,77.2818,0,0,0,64.7564,89.0499,106.728,63.13,90.5877,156.071,2.61479
B4-2eq,SA-BT-50-5-50,F3,120,120,1,29.098,28.8317,20.9917,250.933,38.275,77.6983,0.00833333,11.65,2.83333,73.5442,155.544,220.225,66.6579,124.775,244.065,1.64481
B4-4eq,ALL,F1-F3,1120,1120,1,40.7965,38.6659,27.6661,390.344,44.0777,83.1487,0.0383929,6.46696,0.984821,148.635,213.845,792.537,131.868,261.234,1001.93,4.59593
B4-4eq,ALL,F1,480,480,1,37.4009,36.0289,33.1792,354.577,49.075,81.9169,0,0,0,116.724,178.226,407.977,117.92,214.252,728.585,4.89976
B4-4eq,ALL,F2,160,160,1,43.0393,41.2619,35.4562,564.837,46.075,81.4776,0,0,0,157.532,197.391,345.226,150.459,258.112,423.441,6.12599
B4-4eq,ALL,F3,480,480,1,43.4444,40.6067,19.5562,367.946,38.4146,84.9375,0.0895833,15.0896,2.29792,189.613,356.972,792.537,157.138,350.451,1001.93,3.78207
B4-4eq,MA-AT-25-5-50,F1-F3,280,280,1,54.1976,52.2795,26.6607,307.414,33.7429,61.9716,0.025,2.48571,0.503571,150.163,198.686,508.924,138.547,214.039,547.72,4.06554
B4-4eq,MA-AT-25-5-50,F1,120,120,1,50.252,49.1264,34.0583,334.667,40.925,62.5326,0,0,0,128.201,182.79,232.847,126.108,192.883,547.72,4.7084
B4-4eq,MA-AT-25-5-50,F2,40,40,1,57.8674,56.6418,35.525,481.075,41.3,60.6378,0,0,0,161.079,196.02,290.734,157.542,216.72,322.478,5.74134
B4-4eq,MA-AT-25-5-50,F3,120,120,1,56.92,54.1683,16.3083,222.275,24.0417,61.8552,0.0583333,5.8,1.175,188.707,390.73,508.924,157.891,337.665,527.95,2.86408
B4-4eq,MA-AT-50-5-50,F1-F3,280,280,1,33.3745,32.6411,31.8393,303.471,48.0107,70.097,0.0285714,4.85,1.07143,140.339,194.911,536.316,131.6,214.095,728.585,4.94444
B4-4eq,MA-AT-50-5-50,F1,120,120,1,31.3558,31.0441,37.7583,267.217,56.1917,68.27,0,0,0,115.45,168.379,259.093,120.23,188.262,728.585,5.3416
B4-4eq,MA-AT-50-5-50,F2,40,40,1,36.2727,35.7257,41.3,445,51.725,70.3006,0,0,0,153.234,197.441,260.656,152.642,213.928,281.018,6.72202
B4-4eq,MA-AT-50-5-50,F3,120,120,1,34.4272,33.3027,22.7667,292.55,38.5917,71.8561,0.0666667,11.3167,2.5,167.849,393.05,536.316,151.632,292.836,705.135,3.95474
B4-4eq,SA-AT-50-5-50,F1-F3,280,280,1,46.9121,46.0101,23.8714,730.211,44.8464,124.043,0.0964286,13.3321,1.04286,221.652,283.163,792.537,199.46,324.909,1001.93,5.52832
B4-4eq,SA-AT-50-5-50,F1,120,120,1,40.1602,39.9927,27.5167,645.75,39.1833,122.253,0,0,0,164.793,244.799,407.977,166.725,263.549,599.305,5.42685
B4-4eq,SA-AT-50-5-50,F2,40,40,1,47.9901,47.8596,28.975,1062.3,39.125,117.643,0,0,0,231.184,283.072,345.226,225.424,289.972,423.441,6.90568
B4-4eq,SA-AT-50-5-50,F3,120,120,1,53.3047,52.2419,18.525,703.975,52.4167,127.967,0.225,31.1083,2.43333,282.429,532.868,792.537,246.666,456.713,1001.93,5.17067
B4-4eq,SA-BT-50-5-50,F1-F3,280,280,1,28.7017,28.4683,28.2929,220.279,49.7107,76.4829,0.00357143,5.2,1.32143,121.69,169.521,364.81,109.95,175.845,524.585,3.84541
B4-4eq,SA-BT-50-5-50,F1,120,120,1,27.8356,27.6265,33.3833,170.675,60,74.6117,0,0,0,103.148,140.416,190.336,98.953,155.89,524.585,4.1222
B4-4eq,SA-BT-50-5-50,F2,40,40,1,30.027,29.9302,36.025,270.975,52.15,77.3289,0,0,0,125.803,173.34,200.768,124.434,177.643,250.468,5.13493
B4-4eq,SA-BT-50-5-50,F3,120,120,1,29.1259,28.8501,20.625,252.983,38.6083,78.0721,0.00833333,12.1333,3.08333,147.982,303.25,364.81,131.868,248.009,447.667,3.13878
B4-impl,ALL,F1-F3,1120,1120,1,41.5542,39.3543,27.7321,411.32,43.9089,84.4174,0.0482143,6.33036,0.990179,13.523,23.0317,107.822,11.2093,29.18,405.518,0.490393
B4-impl,ALL,F1,480,480,1,38.0589,36.6354,33.3375,379.902,48.9771,83.3419,0,0,0,10.4163,17.2885,69.5713,9.9585,23.7183,405.518,0.517325
B4-impl,ALL,F2,160,160,1,44.0779,42.1629,35.5688,592.869,46.2875,82.5852,0,0,0,14.4827,20.4465,39.2259,12.5593,28.4071,124.86,0.626113
B4-impl,ALL,F3,480,480,1,44.2082,41.3146,19.5146,382.221,38.0479,86.1036,0.1125,14.7708,2.31042,17.5358,38.0541,107.822,13.7008,39.7611,129.464,0.418222
B4-impl,MA-AT-25-5-50,F1-F3,280,280,1,55.6342,53.6294,26.4571,323.121,33.4393,63.9372,0.05,2.36786,0.542857,15.7488,22.6371,79.2388,14.5418,25.2157,369.563,0.474398
B4-impl,MA-AT-25-5-50,F1,120,120,1,51.3152,50.2308,33.8667,359.425,40.6167,64.6616,0,0,0,13.2141,20.2282,69.5713,13.3041,21.944,369.563,0.54451
B4-impl,MA-AT-25-5-50,F2,40,40,1,59.6995,58.1647,35.45,497.15,41.425,62.0589,0,0,0,16.5011,22.4167,37.1645,16.3081,24.3141,52.4343,0.648112
B4-impl,MA-AT-25-5-50,F3,120,120,1,58.5982,55.7293,16.05,228.808,23.6,63.839,0.116667,5.525,1.26667,20.2178,50.2808,79.2388,16.4059,39.1965,81.4656,0.346382
B4-impl,MA-AT-50-5-50,F1-F3,280,280,1,34.0931,33.2755,31.7393,327.661,47.8179,71.0084,0.0321429,4.79286,1.06071,11.7222,17.7371,71.1614,10.9037,20.0286,405.518,0.468082
B4-impl,MA-AT-50-5-50,F1,120,120,1,32.0475,31.6701,37.7167,288.417,55.9583,69.0739,0,0,0,10.1283,14.542,21.969,10.0087,16.1517,405.518,0.493011
B4-impl,MA-AT-50-5-50,F2,40,40,1,36.5296,35.9863,41.45,485,52.375,70.7018,0,0,0,12.8204,17.7636,23.0062,12.6238,19.9961,52.1907,0.613348
B4-impl,MA-AT-50-5-50,F3,120,120,1,35.3264,34.0612,22.525,314.458,38.1583,73.0451,0.075,11.1833,2.475,14.1871,39.5868,71.1614,12.6564,28.209,81.5086,0.394732
B4-impl,SA-AT-50-5-50,F1-F3,280,280,1,47.4598,46.6543,24.0286,752.632,44.8321,125.648,0.107143,13.1107,1.09286,23.4643,32.6551,107.822,21.413,39.3251,365.073,0.676145
B4-impl,SA-AT-50-5-50,F1,120,120,1,40.8554,40.6953,28.0667,684.483,39.575,124.29,0,0,0,17.8567,27.4117,52.527,17.6945,31.4461,365.073,0.671923
B4-impl,SA-AT-50-5-50,F2,40,40,1,49.216,49.0515,28.6,1087.55,39.225,119.981,0,0,0,23.6922,31.5807,39.2259,23.3179,33.4483,124.86,0.807096
B4-impl,SA-AT-50-5-50,F3,120,120,1,53.4789,52.6,18.4667,709.142,51.9583,128.895,0.25,30.5917,2.55,30.1625,68.1438,107.822,26.112,54.5855,129.464,0.636718
B4-impl,SA-BT-50-5-50,F1-F3,280,280,1,29.0296,28.8103,28.7036,241.864,49.5464,77.0758,0.00357143,5.05,1.26429,9.14134,13.1973,41.7,8.3478,14.6562,355.58,0.342947
B4-impl,SA-BT-50-5-50,F1,120,120,1,28.0176,27.8251,33.7,187.283,59.7583,75.3426,0,0,0,7.93195,11.0014,16.1493,7.5972,11.8434,355.58,0.359857
B4-impl,SA-BT-50-5-50,F2,40,40,1,30.8664,30.7803,36.775,301.775,52.125,77.5988,0,0,0,9.51957,13.6747,17.4432,9.2984,14.6538,43.8058,0.435896
B4-impl,SA-BT-50-5-50,F3,120,120,1,29.4292,29.1798,21.0167,276.475,38.475,78.6348,0.00833333,11.7833,2.95,11.2626,28.0885,41.7,9.8156,19.8255,45.6424,0.295054
B4-r12,ALL,F1-F3,1120,1120,1,41.6858,39.4233,27.6045,411.752,43.8491,84.5232,0.0491071,6.33125,0.966071,12.3792,18.7497,89.9576,11.1873,22.1014,471.124,0.437191
B4-r12,ALL,F1,480,480,1,38.2366,36.7529,33.1625,379.921,48.9208,83.4999,0,0,0,10.2517,15.6089,51.6306,10.1252,17.9472,471.124,0.458275
B4-r12,ALL,F2,160,160,1,44.0702,42.0863,35.5187,593.712,46.2437,82.7736,0,0,0,12.8,18.087,36.2648,12.5543,21.0945,52.1907,0.556481
B4-r12,ALL,F3,480,480,1,44.3402,41.3763,19.4083,382.929,37.9792,86.1296,0.114583,14.7729,2.25417,16.1538,38.0791,89.9576,13.3675,33.6041,105.748,0.376344
B4-r12,MA-AT-25-5-50,F1-F3,280,280,1,56.1045,54.1132,26.4714,324.721,33.5964,64.1658,0.0607143,2.46071,0.507143,11.9042,17.1979,65.5976,10.8842,18.6974,379.648,0.365224
B4-r12,MA-AT-25-5-50,F1,120,120,1,51.8924,50.6791,34.025,360.9,40.725,65.3046,0,0,0,9.79579,15.6597,24.1198,9.8269,16.3131,379.648,0.414079
B4-r12,MA-AT-25-5-50,F2,40,40,1,60.2011,58.7844,35.575,502.025,41.625,62.0746,0,0,0,12.3058,16.5454,22.6004,12.1207,18.1008,45.2183,0.490478
B4-r12,MA-AT-25-5-50,F3,120,120,1,58.951,56.2071,15.8833,229.442,23.7917,63.7241,0.141667,5.74167,1.18333,15.687,39.6472,65.5976,12.2201,30.1717,75.986,0.274617
B4-r12,MA-AT-50-5-50,F1-F3,280,280,1,34.0931,33.2755,31.7393,327.661,47.8179,71.0084,0.0321429,4.79286,1.06071,11.7222,17.7371,71.1614,10.9037,20.0286,405.518,0.468082
B4-r12,MA-AT-50-5-50,F1,120,120,1,32.0475,31.6701,37.7167,288.417,55.9583,69.0739,0,0,0,10.1283,14.542,21.969,10.0087,16.1517,405.518,0.493011
B4-r12,MA-AT-50-5-50,F2,40,40,1,36.5296,35.9863,41.45,485,52.375,70.7018,0,0,0,12.8204,17.7636,23.0062,12.6238,19.9961,52.1907,0.613348
B4-r12,MA-AT-50-5-50,F3,120,120,1,35.3264,34.0612,22.525,314.458,38.1583,73.0451,0.075,11.1833,2.475,14.1871,39.5868,71.1614,12.6564,28.209,81.5086,0.394732
B4-r12,SA-AT-50-5-50,F1-F3,280,280,1,47.7264,46.8688,23.8179,752.918,44.6143,126.09,0.1,13.05,1.05357,16.5079,23.2157,89.9576,15.1502,28.7534,355.883,0.500794
B4-r12,SA-AT-50-5-50,F1,120,120,1,40.9703,40.8236,27.7,685.242,39.4083,124.522,0,0,0,12.4768,19.6534,51.6306,12.6721,21.6913,355.883,0.489997
B4-r12,SA-AT-50-5-50,F2,40,40,1,49.2167,49.0215,28.3,1084.7,38.6,121.076,0,0,0,16.8236,22.5936,36.2648,16.6694,24.7763,46.7078,0.591612
B4-r12,SA-AT-50-5-50,F3,120,120,1,53.9858,53.0097,18.4417,710,51.825,129.329,0.233333,30.45,2.45833,22.0248,51.9494,89.9576,18.4582,41.2223,105.748,0.48132
B4-r12,SA-BT-50-5-50,F1-F3,280,280,1,28.8191,28.622,28.3893,241.707,49.3679,76.8286,0.00357143,5.02143,1.24286,11.518,16.3658,52.8562,10.4092,18.264,471.124,0.414664
B4-r12,SA-BT-50-5-50,F1,120,120,1,28.0361,27.8469,33.2083,185.125,59.5917,75.0993,0,0,0,9.97211,13.8045,20.9191,9.5018,14.7719,471.124,0.436012
B4-r12,SA-BT-50-5-50,F2,40,40,1,30.3336,30.2535,36.75,303.125,52.375,77.2421,0,0,0,11.8339,16.4679,23.713,11.6321,18.052,50.3899,0.530486
B4-r12,SA-BT-50-5-50,F3,120,120,1,29.0974,28.88,20.7833,277.817,38.1417,78.42,0.00833333,11.7167,2.9,14.148,33.7275,52.8562,12.417,24.3442,67.5633,0.354709
ins-only,ALL,F1-F3,1120,1120,1,48.3132,44.5771,29.1205,132.238,43.8804,87.3658,0.0267857,6.44196,0.954464,2.20703,3.80506,26.86,2.0644,4.36582,341.594,0.122662
ins-only,ALL,F1,480,480,1,42.6951,40.0923,35.2083,133.402,48.4104,85.3495,0,0,0,1.93837,3.01202,10.1573,1.9299,3.4486,341.594,0.123532
ins-only,ALL,F2,160,160,1,51.8878,48.1888,37.15,130.219,46.1313,86.0349,0,0,0,2.23917,3.19094,7.68241,2.2108,3.8184,101.699,0.138837
ins-only,ALL,F3,480,480,1,52.7397,48.293,20.3562,131.746,38.6,89.8258,0.0625,15.0312,2.22708,2.66411,13.4724,26.86,2.29335,6.91792,44.8287,0.116401
ins-only,MA-AT-25-5-50,F1-F3,280,280,1,67.2997,64.0154,27.2929,93.9,33.5429,67.2874,0.0321429,2.46786,0.546429,1.92742,3.23522,24.5027,1.83385,3.64581,341.594,0.0995935
ins-only,MA-AT-25-5-50,F1,120,120,1,62.0316,59.5781,34.7583,104,40.4083,67.9603,0,0,0,1.73675,2.68279,8.9962,1.7452,2.96752,341.594,0.107224
ins-only,MA-AT-25-5-50,F2,40,40,1,74.7791,71.5025,37,105.725,41.9,67.3695,0,0,0,1.93401,2.74709,6.2308,1.90895,3.0657,11.8914,0.113488
ins-only,MA-AT-25-5-50,F3,120,120,1,70.0747,66.2932,16.5917,79.8583,23.8917,66.5872,0.075,5.75833,1.275,2.48064,15.5539,24.5027,1.9289,6.2707,25.6757,0.0873313
ins-only,MA-AT-50-5-50,F1-F3,280,280,1,38.2709,36.9174,33.3,115.389,47.4179,72.9563,0.0178571,4.975,1.05,2.18017,3.50775,26.3506,2.09165,4.07477,101.699,0.127963
ins-only,MA-AT-50-5-50,F1,120,120,1,34.6231,33.9163,40.1083,120.642,54.7083,69.7925,0,0,0,1.94192,2.94943,6.91078,1.9534,3.20538,33.2364,0.126782
ins-only,MA-AT-50-5-50,F2,40,40,1,41.4212,40.2735,42.8,117.425,51.525,72.4281,0,0,0,2.25069,3.19094,7.25156,2.2497,3.6615,101.699,0.150244
ins-only,MA-AT-50-5-50,F3,120,120,1,40.8686,39.0353,23.325,109.458,38.7583,76.2962,0.0416667,11.6083,2.45,2.61813,13.5011,26.3506,2.2424,6.2858,31.4988,0.121716
ins-only,SA-AT-50-5-50,F1-F3,280,280,1,57.0003,55.0951,25.0143,208.418,45.3893,131.609,0.0464286,13.5357,1.01429,2.57385,4.96589,26.86,2.5059,6.0526,44.8287,0.141036
ins-only,SA-AT-50-5-50,F1,120,120,1,45.683,45.3139,29.1583,190.925,39.3333,128.689,0,0,0,2.31186,3.7802,10.1573,2.3457,4.2135,19.4705,0.136711
ins-only,SA-AT-50-5-50,F2,40,40,1,59.3916,58.8329,29.575,184.05,38.8,126.56,0,0,0,2.6206,3.97909,7.68241,2.61615,4.93328,17.2901,0.151379
ins-only,SA-AT-50-5-50,F3,120,120,1,67.5204,65.5379,19.35,234.033,53.6417,136.212,0.108333,31.5833,2.36667,3.44646,18.3456,26.86,2.70475,8.46977,44.8287,0.141913
ins-only,SA-BT-50-5-50,F1-F3,280,280,1,30.6819,30.3263,30.875,111.243,49.1714,77.6108,0.0107143,4.78929,1.20714,2.16088,3.36513,19.7945,2.0257,3.77948,124.256,0.122056
ins-only,SA-BT-50-5-50,F1,120,120,1,28.4429,28.2175,36.8083,118.042,59.1917,74.9563,0,0,0,1.91866,2.68906,6.68888,1.8835,3.09346,124.256,0.12341
ins-only,SA-BT-50-5-50,F2,40,40,1,31.9593,31.829,39.225,113.675,52.3,77.7821,0,0,0,2.21506,3.00168,6.00857,2.2221,3.40726,14.3383,0.140235
ins-only,SA-BT-50-5-50,F3,120,120,1,32.495,32.0715,22.1583,103.633,38.1083,80.2081,0.025,11.175,2.81667,2.52798,10.9681,19.7945,2.2279,5.96012,25.4846,0.114643
every-event,ALL,F1-F3,1120,1120,1,40.1128,37.9569,70.8187,597.572,44.2188,82.974,0.0803571,6.34107,1.04375,13.1666,25.4423,83.4292,8.5634,31.3766,510.034,0.968633
every-event,ALL,F0,480,480,1,33.4924,31.4057,51,476.954,1,80.7146,0,0,0,62.1902,62.1902,510.744,62.1903,89.8673,510.743,0.96571
every-event,ALL,F1,480,480,1,37.2026,35.8839,73.3333,433.179,49.4271,81.9327,0,0,0,6.22346,18.4438,43.4438,6.1655,24.7581,510.034,0.744134
every-event,ALL,F2,160,160,1,42.4931,40.6848,76,685.731,46.6375,80.7925,0,0,0,14.3227,21.9301,47.5912,11.958,30.3794,92.5224,1.08203
every-event,ALL,F3,480,480,1,42.2296,39.2315,66.5771,732.579,38.2042,84.7426,0.1875,14.7958,2.43542,21.5247,43.8454,83.4292,14.388,43.5894,103.776,1.15533
every-event,MA-AT-25-5-50,F1-F3,280,280,1,53.6157,51.455,69.3286,482.889,33.9143,61.9596,0.0392857,2.18571,0.514286,15.3789,24.8901,67.6135,13.2764,27.7335,510.034,1.01873
every-event,MA-AT-25-5-50,F0,120,120,1,47.3049,45.499,51,397.317,1,59.3911,0,0,0,57.6072,57.6072,510.744,57.6073,85.3325,510.743,1.06938
every-event,MA-AT-25-5-50,F1,120,120,1,49.7272,48.569,73.3333,414.8,41.65,62.6116,0,0,0,11.2078,21.589,35.6593,10.9623,23.8949,510.034,0.882598
every-event,MA-AT-25-5-50,F2,40,40,1,57.3827,56.0684,76,600.475,42.1,60.1179,0,0,0,16.2097,22.8192,32.2043,15.8928,27.4841,92.5224,1.15595
every-event,MA-AT-25-5-50,F3,120,120,1,56.2485,52.9742,63.1,511.783,23.45,61.9215,0.0916667,5.1,1.2,22.6524,46.2347,67.6135,16.2027,36.9315,79.3597,1.10912
every-event,MA-AT-50-5-50,F1-F3,280,280,1,32.7199,31.9614,71.3679,395.418,48.2429,70.3609,0.0535714,4.80714,1.13571,9.97116,20.3028,75.5827,7.38435,27.1703,103.776,0.843473
every-event,MA-AT-50-5-50,F0,120,120,1,26.8312,26.1295,51,377.642,1,70.7476,0,0,0,66.0661,66.0661,108.778,66.0661,95.465,108.778,0.925703
every-event,MA-AT-50-5-50,F1,120,120,1,31.3852,31.0749,73.3333,253.2,56.4083,68.604,0,0,0,5.55196,15.5808,35.6208,5.7895,20.5786,67.0134,0.606278
every-event,MA-AT-50-5-50,F2,40,40,1,35.3626,34.8548,76,417.15,52.825,70.1439,0,0,0,11.4038,19.1865,30.2864,11.2382,25.0533,47.6706,0.924155
every-event,MA-AT-50-5-50,F3,120,120,1,33.1738,31.9372,67.8583,530.392,38.55,72.1901,0.125,11.2167,2.65,17.0903,47.3067,75.5827,12.7591,37.5988,103.776,1.05377
every-event,SA-AT-50-5-50,F1-F3,280,280,1,45.9524,45.1422,71.2429,1211.91,45.1857,123.616,0.175,13.4786,1.20357,23.307,34.8814,83.4292,18.8689,41.0977,94.2697,1.41087
every-event,SA-AT-50-5-50,F0,120,120,1,37.5879,37.1874,51,828.608,1,116.538,0,0,0,80.6074,80.6074,120.919,80.6075,93.3811,120.919,1.29836
every-event,SA-AT-50-5-50,F1,120,120,1,39.7629,39.6122,73.3333,900.292,39.6333,121.831,0,0,0,10.6091,29.9225,43.4438,10.1047,31.4731,59.1066,1.06304
every-event,SA-AT-50-5-50,F2,40,40,1,47.498,47.3365,76,1460.83,39,116.222,0,0,0,24.211,33.6793,47.5912,23.1042,36.9803,61.7077,1.56752
every-event,SA-AT-50-5-50,F3,120,120,1,51.6267,50.6365,67.5667,1440.57,52.8,127.864,0.408333,31.45,2.80833,34.9053,63.1508,83.4292,27.38,51.8632,94.2697,1.70649
every-event,SA-BT-50-5-50,F1-F3,280,280,1,28.1633,27.9594,71.3357,300.068,49.5321,75.9601,0.0535714,4.89286,1.32143,7.47035,15.5991,51.6484,5.5204,18.8777,67.5418,0.601461
every-event,SA-BT-50-5-50,F0,120,120,1,22.2459,22.0041,51,304.25,1,76.1818,0,0,0,44.5726,44.5726,60.8872,44.5726,52.9289,60.8872,0.569402
every-event,SA-BT-50-5-50,F1,120,120,1,27.9351,27.7333,73.3333,164.425,60.0167,74.6837,0,0,0,5.11525,10.5704,21.4755,4.76885,14.118,50.7998,0.424623
every-event,SA-BT-50-5-50,F2,40,40,1,29.7293,29.6176,76,264.475,52.625,76.6864,0,0,0,7.70458,15.8125,23.1965,7.5468,18.121,53.0003,0.680486
every-event,SA-BT-50-5-50,F3,120,120,1,27.8694,27.6511,67.7833,447.575,38.0167,76.9944,0.125,11.4167,3.08333,13.2055,35.7077,51.6484,9.31735,26.8174,67.5418,0.751958
open-loop,ALL,F1-F3,1120,1120,1,46.6402,43.4236,20.8286,131.451,44.2259,87.0633,0.0794643,6.46964,0.923214,2.10306,3.60216,79.2737,1.8448,4.35516,415.73,0.14048
open-loop,ALL,F0,480,480,1,34.0867,32.1908,1,42.9292,1,82.6716,0,0,0,62.1027,62.1027,539.492,62.1027,92.5545,539.491,0.118645
open-loop,ALL,F1,480,480,1,40.995,38.9645,23.3333,132.66,49.0792,84.9314,0,0,0,1.6191,2.80956,15.9474,1.47675,3.1809,415.73,0.130603
open-loop,ALL,F2,160,160,1,48.9322,46.1718,26,129.556,46.3687,85.7164,0,0,0,2.06747,2.97651,7.63668,1.9857,3.39972,58.7974,0.150417
open-loop,ALL,F3,480,480,1,51.5214,47.4133,16.6,130.873,38.6583,89.6441,0.185417,15.0958,2.15417,2.64979,33.0352,79.2737,2.23725,8.51591,100.296,0.147044
open-loop,MA-AT-25-5-50,F1-F3,280,280,1,61.9933,59.3735,19.3393,90.725,33.6071,66.3236,0.05,2.35,0.525,1.83558,3.10625,71.226,1.6926,3.46862,415.73,0.116872
open-loop,MA-AT-25-5-50,F0,120,120,1,46.9069,45.664,1,24.85,1,60.0562,0,0,0,57.4631,57.4631,539.492,57.4631,90.2953,539.491,0.115484
open-loop,MA-AT-25-5-50,F1,120,120,1,56.4413,54.7072,23.3333,101.258,41.075,66.7211,0,0,0,1.53123,2.60483,15.9474,1.529,2.80186,415.73,0.114958
open-loop,MA-AT-25-5-50,F2,40,40,1,67.5455,65.8622,26,102.25,41.275,66.5266,0,0,0,1.87205,2.40985,3.82727,1.812,3.19885,56.0712,0.128021
open-loop,MA-AT-25-5-50,F3,120,120,1,65.6945,62.248,13.125,76.35,23.5833,65.8584,0.116667,5.48333,1.225,2.42976,41.3675,71.226,1.86995,30.4924,78.7574,0.11507
open-loop,MA-AT-50-5-50,F1-F3,280,280,1,37.7116,36.2931,21.3964,116.018,47.9464,73.3027,0.0571429,4.76071,0.989286,1.99742,3.2393,66.7388,1.7524,3.72868,97.9595,0.142334
open-loop,MA-AT-50-5-50,F0,120,120,1,27.822,27.1474,1,46.8667,1,73.139,0,0,0,66.7019,66.7019,121.549,66.7019,98.1625,121.549,0.123911
open-loop,MA-AT-50-5-50,F1,120,120,1,33.5843,33.0334,23.3333,121.525,55.875,70.0888,0,0,0,1.49391,2.62486,5.86475,1.2015,2.902,97.9595,0.129363
open-loop,MA-AT-50-5-50,F2,40,40,1,39.7365,38.7828,26,118.225,52.75,72.0681,0,0,0,1.76005,3.09319,5.44863,1.9574,3.32641,46.3598,0.152112
open-loop,MA-AT-50-5-50,F3,120,120,1,41.1641,39.0023,17.925,109.775,38.4167,76.9281,0.133333,11.1083,2.30833,2.48579,30.985,66.7388,2.16495,5.89642,85.5924,0.152045
open-loop,SA-AT-50-5-50,F1-F3,280,280,1,56.2633,54.5578,21.2429,207.368,45.6679,131.348,0.157143,13.8036,1.075,2.53387,4.78198,79.2737,2.4596,6.59822,100.296,0.170794
open-loop,SA-AT-50-5-50,F0,120,120,1,38.709,38.276,1,50,1,118.451,0,0,0,79.9081,79.9081,128.888,79.9082,100.778,128.888,0.14346
open-loop,SA-AT-50-5-50,F1,120,120,1,45.525,45.1988,23.3333,189.092,39.5917,127.968,0,0,0,2.20145,3.86154,14.3425,2.1901,4.11215,54.2154,0.155313
open-loop,SA-AT-50-5-50,F2,40,40,1,56.8091,56.5269,26,183.55,38.7,127.105,0,0,0,2.56055,3.79898,7.63668,2.56225,4.08711,58.7974,0.178968
open-loop,SA-AT-50-5-50,F3,120,120,1,66.8196,65.0809,17.5667,233.583,54.0667,136.142,0.366667,32.2083,2.50833,3.50897,41.7018,79.2737,2.67745,12.687,100.296,0.183552
open-loop,SA-BT-50-5-50,F1-F3,280,280,1,30.5926,30.2434,21.3357,111.693,49.6821,77.2791,0.0535714,4.96429,1.10357,2.04925,3.16889,45.381,1.5888,3.76142,71.6583,0.131919
open-loop,SA-BT-50-5-50,F0,120,120,1,22.909,22.6306,1,50,1,79.0405,0,0,0,44.8089,44.8089,57.5498,44.8089,50.8142,57.5498,0.0917236
open-loop,SA-BT-50-5-50,F1,120,120,1,28.4296,28.2196,23.3333,118.767,59.775,74.948,0,0,0,1.45104,2.50607,4.44135,1.029,2.92838,45.2831,0.122778
open-loop,SA-BT-50-5-50,F2,40,40,1,31.6378,31.4757,26,114.2,52.75,77.1652,0,0,0,2.03453,2.80762,4.31824,2.0318,3.16199,34.0388,0.142566
open-loop,SA-BT-50-5-50,F3,120,120,1,32.4073,31.9838,17.7833,103.783,38.5667,79.6481,0.125,11.5833,2.575,2.51939,25.099,45.381,2.2133,6.30357,71.6583,0.13751
B5,ALL,F1-F3,1120,1120,1,40.792,38.6616,27.9536,244.998,44.0661,83.9906,0.0848214,6.37143,1.025,10.9289,23.8177,100.006,7.9498,29.4326,520.702,0.426812
B5,ALL,F1,480,480,1,37.4457,36.0995,33.6083,224.267,49.2146,82.517,0,0,0,6.47173,16.7594,41.6059,6.194,21.3687,520.702,0.40604
B5,ALL,F2,160,160,1,43.6698,41.7214,35.9813,285.887,46.225,81.9521,0,0,0,11.5054,19.7396,41.7794,10.2717,26.9642,58.3059,0.549262
B5,ALL,F3,480,480,1,43.1792,40.3676,19.6229,252.1,38.1979,86.1436,0.197917,14.8667,2.39167,18.7938,43.1199,100.006,12.7699,43.6654,119.196,0.406769
B5,MA-AT-25-5-50,F1-F3,280,280,1,54.1342,52.2559,26.7321,192.614,33.7464,62.6278,0.0535714,2.44286,0.539286,13.3093,24.8285,70.2913,11.5732,27.0213,520.702,0.414179
B5,MA-AT-25-5-50,F1,120,120,1,49.7783,48.6926,34.2833,212.992,41.2417,62.6836,0,0,0,9.52489,20.6595,41.6059,9.5659,22.8341,520.702,0.450826
B5,MA-AT-25-5-50,F2,40,40,1,58.6751,57.3991,35.875,266.425,41.375,61.0937,0,0,0,13.2273,22.244,33.6716,13.8462,25.6605,40.2501,0.574074
B5,MA-AT-25-5-50,F3,120,120,1,56.9765,54.3523,16.1333,147.633,23.7083,63.0834,0.125,5.7,1.25833,23.6818,46.5508,70.2913,14.822,38.4034,79.0139,0.324235
B5,MA-AT-50-5-50,F1-F3,280,280,1,33.1642,32.412,32.0929,228.471,47.8071,70.9512,0.0607143,4.58571,1.11071,9.64168,19.863,75.6056,7.5384,26.5475,81.3651,0.451686
B5,MA-AT-50-5-50,F1,120,120,1,31.4227,31.1305,37.8833,214.383,56.1667,68.6431,0,0,0,5.74176,14.9909,39.2806,5.91605,20.8113,67.4428,0.433584
B5,MA-AT-50-5-50,F2,40,40,1,36.0644,35.4878,42.475,289.275,52.425,70.215,0,0,0,10.0347,17.7247,31.3238,10.4847,24.8853,58.3059,0.610988
B5,MA-AT-50-5-50,F3,120,120,1,33.9388,32.7417,22.8417,222.292,37.9083,73.5048,0.141667,10.7,2.59167,15.1516,46.6239,75.6056,11.8845,36.0956,81.3651,0.416689
B5,SA-AT-50-5-50,F1-F3,280,280,1,47.3513,46.5699,24.1607,399.371,45.0964,125.822,0.167857,13.4143,1.14643,15.3375,33.4946,96.0607,12.1193,41.2113,104.105,0.522785
B5,SA-AT-50-5-50,F1,120,120,1,40.8717,40.7217,28.2083,322.983,39.575,124.028,0,0,0,8.22146,25.5265,39.748,8.2773,26.3008,72.5381,0.431778
B5,SA-AT-50-5-50,F2,40,40,1,49.9842,49.8088,28.875,411.425,38.85,119.716,0,0,0,15.3375,29.6236,41.7794,14.4821,33.4658,55.68,0.614435
B5,SA-AT-50-5-50,F3,120,120,1,52.9534,52.0776,18.5417,471.742,52.7,129.652,0.391667,31.3,2.675,33.5136,64.6906,96.0607,23.7318,52.7287,104.105,0.583241
B5,SA-BT-50-5-50,F1-F3,280,280,1,28.5185,28.3253,28.8286,159.536,49.6143,76.5609,0.0571429,5.04286,1.30357,7.11465,14.254,100.006,5.72,17.1045,119.196,0.3186
B5,SA-BT-50-5-50,F1,120,120,1,27.7099,27.5125,34.0583,146.708,59.875,74.7129,0,0,0,5.15,10.8966,20.8145,4.8984,12.7888,114.84,0.307973
B5,SA-BT-50-5-50,F2,40,40,1,29.9556,29.8637,36.7,176.425,52.25,76.7836,0,0,0,7.39066,13.4311,21.5653,7.18585,15.1992,34.3181,0.397549
B5,SA-BT-50-5-50,F3,120,120,1,28.848,28.6525,20.975,166.733,38.475,78.3347,0.133333,11.7667,3.04167,11.6922,34.7058,100.006,8.22095,26.366,119.196,0.302909
SPARC-H,ALL,F1-F3,1120,1120,1,39.4495,37.471,28.1902,328.065,44.2223,82.0232,0.0651786,6.23304,1.05179,114.293,223.712,712.205,68.3607,287.526,815.687,3.69229
SPARC-H,ALL,F1,480,480,1,36.8507,35.5952,33.7896,293.771,49.5354,80.9818,0,0,0,46.3288,163.547,493.179,44.0488,227.838,741.24,3.48574
SPARC-H,ALL,F2,160,160,1,41.9649,40.3288,36.4937,449.75,46.625,79.5971,0,0,0,122.659,192.016,447.776,105.802,286.322,664.366,5.24424
SPARC-H,ALL,F3,480,480,1,41.2098,38.4909,19.8229,321.798,38.1083,83.8732,0.152083,14.5437,2.45417,191.413,329.994,712.205,130.605,368.273,815.687,3.38152
SPARC-H,MA-AT-25-5-50,F1-F3,280,280,1,52.5068,50.5704,27.1393,239.85,33.9786,60.7441,0.0142857,2.33571,0.6,135.591,213.476,669.438,117.396,245.832,775.299,3.57499
SPARC-H,MA-AT-25-5-50,F1,120,120,1,49.0224,47.9339,34.8583,260.158,41.5583,61.497,0,0,0,95.0953,190.354,294.165,95.4397,212.045,741.24,3.91142
SPARC-H,MA-AT-25-5-50,F2,40,40,1,55.8629,54.4305,36.175,362.1,41.675,58.8441,0,0,0,150.372,200.968,292.562,145.556,245.323,664.366,5.39906
SPARC-H,MA-AT-25-5-50,F3,120,120,1,54.8726,52.0597,16.4083,178.792,23.8333,60.6246,0.0333333,5.45,1.4,189.335,325.125,669.438,145.061,315.769,775.299,2.63054
SPARC-H,MA-AT-50-5-50,F1-F3,280,280,1,32.3024,31.6336,32.3929,240.239,48.2643,69.6635,0.0321429,4.66429,1.17143,84.61,179.211,465.805,55.8761,242.268,593.471,3.5758
SPARC-H,MA-AT-50-5-50,F1,120,120,1,31.1249,30.8466,38.0917,213.192,56.575,67.7075,0,0,0,38.5874,137.044,296.127,39.0395,185.088,396.681,3.32984
SPARC-H,MA-AT-50-5-50,F2,40,40,1,35.2237,34.7739,42.825,311.05,53.05,68.8935,0,0,0,100.674,177.952,281.767,95.3533,221.373,402.315,5.141
SPARC-H,MA-AT-50-5-50,F3,120,120,1,32.5062,31.4332,23.2167,243.683,38.3583,71.876,0.075,10.8833,2.73333,150.813,359.4,465.805,113.653,320.518,593.471,3.30002
SPARC-H,SA-AT-50-5-50,F1-F3,280,280,1,44.9233,44.2498,24.1536,643.75,44.9679,122.156,0.185714,13.1036,1.17143,217.106,314.834,712.205,175.43,379.776,815.687,5.1649
SPARC-H,SA-AT-50-5-50,F1,120,120,1,39.3882,39.2535,28.1083,551.05,39.9917,120.401,0,0,0,93.0335,267.191,493.179,88.4314,295.616,549.044,4.46557
SPARC-H,SA-AT-50-5-50,F2,40,40,1,46.5473,46.3719,29.375,909.625,38.875,114.465,0,0,0,222.458,312.103,447.776,221.331,350.287,577.712,6.99135
SPARC-H,SA-AT-50-5-50,F3,120,120,1,49.917,49.1092,18.4583,647.825,51.975,126.475,0.433333,30.575,2.73333,318.815,496.177,712.205,253.295,491.01,815.687,5.25542
SPARC-H,SA-BT-50-5-50,F1-F3,280,280,1,28.0654,27.8499,29.075,188.421,49.6786,75.5287,0.0285714,4.82857,1.26429,56.3504,137.341,522.352,38.7512,168.001,540.637,2.45347
SPARC-H,SA-BT-50-5-50,F1,120,120,1,27.8671,27.6591,34.1,150.683,60.0167,74.3214,0,0,0,33.0012,95.3734,221.348,30.9078,122.177,288.038,2.23614
SPARC-H,SA-BT-50-5-50,F2,40,40,1,30.2259,30.1379,37.6,216.225,52.9,76.1861,0,0,0,58.8492,145.728,196.941,55.6814,158.727,284.765,3.44555
SPARC-H,SA-BT-50-5-50,F3,120,120,1,27.5435,27.3137,21.2083,216.892,38.2667,76.5168,0.0666667,11.2667,2.95,110.648,278.781,522.352,76.4108,250.446,540.637,2.34012
SPARC-rk,ALL,F1-F3,1120,1120,1,39.5911,37.8205,27.442,317.709,43.8241,82.412,0.0794643,6.31696,1.00446,16.3595,30.7638,361.257,10.3157,38.6483,442.61,0.557389
SPARC-rk,ALL,F1,480,480,1,36.8459,35.6796,33.025,284.76,48.9458,81.1242,0,0,0,7.28855,23.2874,55.6765,7.1423,30.7137,406.316,0.527691
SPARC-rk,ALL,F2,160,160,1,42.002,40.4258,35.1938,435.288,45.9312,79.864,0,0,0,18.8901,28.0406,53.7388,16.0164,39.3367,404.667,0.785101
SPARC-rk,ALL,F3,480,480,1,41.5326,39.2095,19.275,311.465,38,84.5491,0.185417,14.7396,2.34375,27.1772,46.8223,361.257,18.7655,49.5245,442.61,0.511183
SPARC-rk,MA-AT-25-5-50,F1-F3,280,280,1,51.4034,50.0009,25.9357,231.821,33.2036,60.2057,0.0214286,2.35,0.507143,18.0658,27.9897,361.257,15.5667,31.5619,442.61,0.505234
SPARC-rk,MA-AT-25-5-50,F1,120,120,1,48.1974,47.3518,33.25,250.283,40.5833,60.7081,0,0,0,13.7445,25.4726,45.9293,12.6019,27.5094,406.316,0.548377
SPARC-rk,MA-AT-25-5-50,F2,40,40,1,54.4867,53.5196,34.625,350.175,40.55,57.6652,0,0,0,20.0244,27.4145,39.5311,19.3062,31.3846,404.667,0.736729
SPARC-rk,MA-AT-25-5-50,F3,120,120,1,53.5817,51.6147,15.725,173.908,23.375,60.5501,0.05,5.48333,1.18333,26.7603,48.0198,361.257,19.1099,42.4965,442.61,0.384927
SPARC-rk,MA-AT-50-5-50,F1-F3,280,280,1,32.6111,31.9615,31.4786,230.525,48.175,69.8236,0.05,4.87143,1.15357,12.6938,28.5303,77.9898,8.82545,33.2686,91.7177,0.560028
SPARC-rk,MA-AT-50-5-50,F1,120,120,1,31.188,30.8927,37.4,205.542,56.1583,67.7608,0,0,0,6.45796,19.1402,40.2054,6.7098,26.9571,54.2742,0.524991
SPARC-rk,MA-AT-50-5-50,F2,40,40,1,35.2091,34.69,41,298.3,52.55,68.6093,0,0,0,14.9712,28.5945,42.9033,14.6944,33.248,62.5009,0.804396
SPARC-rk,MA-AT-50-5-50,F3,120,120,1,33.1681,32.1766,22.3833,232.917,38.7333,72.2911,0.116667,11.3667,2.69167,22.3557,50.334,77.9898,16.4462,45.1998,91.7177,0.513611
SPARC-rk,SA-AT-50-5-50,F1-F3,280,280,1,45.7925,45.1258,23.8607,619.714,44.5214,123.649,0.192857,13.05,1.13929,32.2745,42.0208,89.7558,25.8109,48.8193,99.062,0.760409
SPARC-rk,SA-AT-50-5-50,F1,120,120,1,39.9957,39.837,27.6667,532.05,39.2,121.689,0,0,0,13.7336,35.5318,55.6765,13.8002,38.4286,60.4457,0.667561
SPARC-rk,SA-AT-50-5-50,F2,40,40,1,48.3915,48.2382,29.1,879.125,38.925,117.034,0,0,0,33.3619,43.4838,53.7388,32.4668,45.4382,68.5831,1.03792
SPARC-rk,SA-AT-50-5-50,F3,120,120,1,50.723,49.9928,18.3083,620.908,51.7083,127.814,0.45,30.45,2.65833,42.0459,67.4018,89.7558,35.1834,63.8427,99.062,0.760752
SPARC-rk,SA-BT-50-5-50,F1-F3,280,280,1,28.5572,28.3713,28.4929,188.775,49.3964,75.9699,0.0535714,4.99643,1.21786,8.87538,21.8405,58.186,6.3696,24.3611,65.9639,0.403885
SPARC-rk,SA-BT-50-5-50,F1,120,120,1,28.0023,27.8099,33.7833,151.167,59.8417,74.3388,0,0,0,5.77439,12.4731,25.6212,5.3395,18.6964,42.7857,0.369837
SPARC-rk,SA-BT-50-5-50,F2,40,40,1,29.9207,29.8212,36.05,213.55,51.7,76.1476,0,0,0,9.64202,22.1597,28.3019,8.97995,24.681,54.0558,0.561356
SPARC-rk,SA-BT-50-5-50,F3,120,120,1,28.6576,28.4671,20.6833,218.125,38.1833,77.5417,0.125,11.6583,2.84167,17.8441,40.3907,58.186,11.9327,36.351,65.9639,0.385444
RL(g.),ALL,F1-F3,1120,1117,0.997321,44.0108,41.8175,0,0,26.3152,105.29,0,5.47946,1.05446,7.34087,9.24616,19.6134,7.324,12.2813,48.5513,3.12422
RL(g.),ALL,F1,480,480,1,41.6238,39.9802,0,0,23.3333,108.927,0,0,0,7.27063,9.24821,18.42,7.2899,12.2136,48.5513,3.75325
RL(g.),ALL,F2,160,160,1,48.4402,46.4332,0,0,26,105.854,0,0,0,7.37554,9.34624,19.2816,7.3661,12.0773,46.6026,3.66743
RL(g.),ALL,F3,480,477,0.99375,44.927,42.2417,0,0,29.4021,101.466,0,12.7854,2.46042,7.39191,9.22711,19.6134,7.358,12.4183,47.1285,2.31412
RL(g.),MA-AT-25-5-50,F1-F3,280,277,0.989286,60.6024,58.7216,0,0,21.5929,80.6237,0,2.23571,0.542857,6.38344,8.11963,13.9339,6.399,8.37392,47.1285,1.6461
RL(g.),MA-AT-25-5-50,F1,120,120,1,57.0294,55.8462,0,0,23.3333,85.2337,0,0,0,6.37096,8.10718,13.9339,6.3904,8.31375,46.5867,1.77005
RL(g.),MA-AT-25-5-50,F2,40,40,1,65.7405,64.5475,0,0,26,82.2407,0,0,0,6.42162,8.14874,10.333,6.4594,8.4748,41.2147,1.78858
RL(g.),MA-AT-25-5-50,F3,120,117,0.975,62.5105,59.8573,0,0,18.3833,75.4746,0,5.21667,1.26667,6.37509,8.15883,10.4114,6.3881,8.40911,47.1285,1.47466
RL(g.),MA-AT-50-5-50,F1-F3,280,280,1,36.572,35.9765,0,0,26.0571,106.108,0,4.65,1.23214,7.52547,9.80048,19.6134,7.5366,12.5543,48.5513,3.44671
RL(g.),MA-AT-50-5-50,F1,120,120,1,35.0008,34.6695,0,0,23.3333,110.489,0,0,0,7.4786,9.67138,18.0466,7.4968,12.608,48.5513,4.18997
RL(g.),MA-AT-50-5-50,F2,40,40,1,41.1978,40.7092,0,0,26,106.416,0,0,0,7.50495,9.95004,17.4707,7.59765,11.889,42.9018,4.02577
RL(g.),MA-AT-50-5-50,F3,120,120,1,36.6013,35.8261,0,0,28.8,101.625,0,10.85,2.875,7.57761,9.90877,19.6134,7.5656,12.6677,46.3247,2.51044
RL(g.),SA-AT-50-5-50,F1-F3,280,280,1,48.7436,48.2741,0,0,31.7286,144.393,0,10.4857,1.11071,7.52253,9.48075,19.2816,7.5988,14.0454,46.6026,3.72826
RL(g.),SA-AT-50-5-50,F1,120,120,1,44.4895,44.3345,0,0,23.3333,149.557,0,0,0,7.5121,9.5467,18.42,7.60135,14.1389,44.4723,4.20264
RL(g.),SA-AT-50-5-50,F2,40,40,1,53.6123,53.4638,0,0,26,144.207,0,0,0,7.53762,9.49249,19.2816,7.6706,14.0683,46.6026,4.16254
RL(g.),SA-AT-50-5-50,F3,120,120,1,51.3748,50.8047,0,0,42.0333,139.292,0,24.4667,2.59167,7.52253,9.35028,17.8121,7.5714,13.8958,44.5628,3.10912
RL(g.),SA-BT-50-5-50,F1-F3,280,280,1,30.3028,30.0941,0,0,25.8821,90.0364,0,4.54643,1.33214,7.30626,9.28236,12.1714,7.2824,9.77995,45.4872,3.6758
RL(g.),SA-BT-50-5-50,F1,120,120,1,29.9755,29.7645,0,0,23.3333,90.4304,0,0,0,7.2302,9.28896,12.1714,7.2298,9.66967,45.4872,4.85035
RL(g.),SA-BT-50-5-50,F2,40,40,1,33.2103,33.089,0,0,26,90.552,0,0,0,7.32822,9.40792,12.1558,7.3356,9.93008,43.8151,4.69283
RL(g.),SA-BT-50-5-50,F3,120,120,1,29.661,29.4801,0,0,28.3917,89.4705,0,10.6083,3.10833,7.42838,9.26144,11.7544,7.3713,9.91667,43.3271,2.16225
RL(g.)-arr,ALL,F1-F3,1120,1119,0.999107,43.761,41.5844,0,0,26.2402,105.733,3.44911,5.40446,1.05268,7.61992,9.66152,23.7745,7.6149,13.1845,49.3441,3.32145
RL(g.)-arr,ALL,F1,480,480,1,41.344,39.7501,0,0,23.3333,109.29,3.60625,0,0,7.60733,9.67844,23.7745,7.5997,13.2152,49.3441,4.01338
RL(g.)-arr,ALL,F2,160,160,1,47.9519,45.9547,0,0,26,106.295,4.05625,0,0,7.67319,9.79115,22.2449,7.6815,13.2236,47.1875,3.92107
RL(g.)-arr,ALL,F3,480,479,0.997917,44.7832,42.0792,0,0,29.2271,101.989,3.08958,12.6104,2.45625,7.61866,9.56676,22.3972,7.60615,13.1248,44.8766,2.42964
RL(g.)-arr,MA-AT-25-5-50,F1-F3,280,279,0.996429,59.9889,58.0636,0,0,21.5036,81.403,5.525,2.14643,0.517857,6.50711,8.34981,12.4929,6.531,9.2704,47.4208,1.728
RL(g.)-arr,MA-AT-25-5-50,F1,120,120,1,56.3114,55.1406,0,0,23.3333,85.9902,5.725,0,0,6.48815,8.35541,11.328,6.518,9.21293,47.4208,1.86224
RL(g.)-arr,MA-AT-25-5-50,F2,40,40,1,64.8975,63.6491,0,0,26,82.7115,6.825,0,0,6.53918,8.43313,12.4929,6.5759,9.56312,45.268,1.86781
RL(g.)-arr,MA-AT-25-5-50,F3,120,119,0.991667,62.0474,59.3086,0,0,18.175,76.3796,4.89167,5.00833,1.20833,6.47778,8.28997,10.845,6.5272,9.2697,44.6324,1.54715
RL(g.)-arr,MA-AT-50-5-50,F1-F3,280,280,1,36.0667,35.4929,0,0,25.8464,107.101,8.27143,4.43929,1.25,7.68084,9.98991,14.1329,7.6892,10.9143,48.0212,3.57496
RL(g.)-arr,MA-AT-50-5-50,F1,120,120,1,34.5996,34.3116,0,0,23.3333,111.184,8.7,0,0,7.64448,10.0187,14.1329,7.6577,10.7108,48.0212,4.41597
RL(g.)-arr,MA-AT-50-5-50,F2,40,40,1,40.0875,39.608,0,0,26,107.709,9.4,0,0,7.70742,10.0711,13.2269,7.7376,11.5878,47.1875,4.22679
RL(g.)-arr,MA-AT-50-5-50,F3,120,120,1,36.1936,35.3966,0,0,28.3083,102.816,7.46667,10.3583,2.91667,7.70508,9.77351,13.9119,7.71235,10.762,44.8766,2.51667
RL(g.)-arr,SA-AT-50-5-50,F1-F3,280,280,1,48.7436,48.2741,0,0,31.7286,144.393,0,10.4857,1.11071,7.80428,10.375,22.2327,7.94635,14.8972,45.5727,4.03625
RL(g.)-arr,SA-AT-50-5-50,F1,120,120,1,44.4895,44.3345,0,0,23.3333,149.557,0,0,0,7.79045,10.4212,19.7428,7.96425,15.0438,43.4408,4.56045
RL(g.)-arr,SA-AT-50-5-50,F2,40,40,1,53.6123,53.4638,0,0,26,144.207,0,0,0,7.9185,10.5082,22.2327,8.1006,15.1701,45.5727,4.54712
RL(g.)-arr,SA-AT-50-5-50,F3,120,120,1,51.3748,50.8047,0,0,42.0333,139.292,0,24.4667,2.59167,7.75388,10.0541,19.0417,7.867,14.5885,42.9334,3.34175
RL(g.)-arr,SA-BT-50-5-50,F1-F3,280,280,1,30.3028,30.0941,0,0,25.8821,90.0364,0,4.54643,1.33214,7.67481,9.68169,23.7745,7.6408,11.737,49.3441,3.94658
RL(g.)-arr,SA-BT-50-5-50,F1,120,120,1,29.9755,29.7645,0,0,23.3333,90.4304,0,0,0,7.53292,9.65402,23.7745,7.59825,11.7436,49.3441,5.21486
RL(g.)-arr,SA-BT-50-5-50,F2,40,40,1,33.2103,33.089,0,0,26,90.552,0,0,0,7.67481,9.73947,22.2449,7.7061,11.7185,41.9004,5.04255
RL(g.)-arr,SA-BT-50-5-50,F3,120,120,1,29.661,29.4801,0,0,28.3917,89.4705,0,10.6083,3.10833,7.71322,9.72163,22.3972,7.6732,11.7375,43.7545,2.31297
RL(s.1),ALL,F1-F3,1120,1118,0.998214,44.2995,42.027,0,0,26.392,105.436,0,5.55714,1.11161,7.42446,9.33064,19.599,7.4162,12.4495,46.4302,3.16137
RL(s.1),ALL,F1,480,480,1,41.7026,40.0598,0,0,23.3333,108.842,0,0,0,7.38353,9.30815,19.599,7.3865,12.4053,44.2251,3.81021
RL(s.1),ALL,F2,160,160,1,48.2949,46.222,0,0,26,105.613,0,0,0,7.45981,9.5886,19.5553,7.46485,12.2897,46.3489,3.70541
RL(s.1),ALL,F3,480,478,0.995833,45.5699,42.7173,0,0,29.5813,101.97,0,12.9667,2.59375,7.47344,9.27898,19.3902,7.4379,12.5976,46.4302,2.33118
RL(s.1),MA-AT-25-5-50,F1-F3,280,278,0.992857,61.1761,59.1921,0,0,21.5786,80.6677,0,2.225,0.592857,6.46084,8.125,11.5811,6.4689,8.44365,41.4127,1.66094
RL(s.1),MA-AT-25-5-50,F1,120,120,1,57.1612,55.9953,0,0,23.3333,84.7969,0,0,0,6.46564,8.12138,11.5811,6.4782,8.47942,41.4127,1.7889
RL(s.1),MA-AT-25-5-50,F2,40,40,1,66.1161,64.7747,0,0,26,81.9003,0,0,0,6.51364,8.22228,10.0106,6.5167,8.46306,38.0843,1.78634
RL(s.1),MA-AT-25-5-50,F3,120,118,0.983333,63.5845,60.7456,0,0,18.35,76.1276,0,5.19167,1.38333,6.43524,8.09665,10.7034,6.44105,8.3932,40.5353,1.49119
RL(s.1),MA-AT-50-5-50,F1-F3,280,280,1,36.7031,36.1052,0,0,26.2571,106.317,0,4.85,1.28571,7.58153,9.83973,19.3902,7.6077,12.5181,45.7831,3.4707
RL(s.1),MA-AT-50-5-50,F1,120,120,1,35.0902,34.7604,0,0,23.3333,110.627,0,0,0,7.52961,9.86288,18.1131,7.5638,12.3062,44.2251,4.24635
RL(s.1),MA-AT-50-5-50,F2,40,40,1,40.4686,40.0449,0,0,26,106.482,0,0,0,7.6681,9.87541,18.0058,7.6923,12.6292,45.7831,4.04574
RL(s.1),MA-AT-50-5-50,F3,120,120,1,37.0608,36.2294,0,0,29.2667,101.953,0,11.3167,3,7.62003,9.80111,19.3902,7.6345,12.6758,44.4461,2.50338
RL(s.1),SA-AT-50-5-50,F1-F3,280,280,1,49.1967,48.7133,0,0,31.9714,144.722,0,10.7286,1.25357,7.62646,9.57653,19.599,7.6933,14.2861,46.4302,3.78447
RL(s.1),SA-AT-50-5-50,F1,120,120,1,44.6223,44.484,0,0,23.3333,149.56,0,0,0,7.59532,9.55499,19.599,7.7038,14.3702,44.0838,4.27668
RL(s.1),SA-AT-50-5-50,F2,40,40,1,53.4147,53.2345,0,0,26,143.068,0,0,0,7.69758,9.87114,19.5553,7.78985,14.3869,44.655,4.21457
RL(s.1),SA-AT-50-5-50,F3,120,120,1,52.3651,51.7895,0,0,42.6,140.436,0,25.0333,2.925,7.61897,9.47919,19.1206,7.6513,14.1438,46.4302,3.14889
RL(s.1),SA-BT-50-5-50,F1-F3,280,280,1,30.2427,30.0397,0,0,25.7607,90.0364,0,4.425,1.31429,7.4086,9.38225,13.828,7.3763,9.96772,46.3489,3.72935
RL(s.1),SA-BT-50-5-50,F1,120,120,1,29.9367,29.7438,0,0,23.3333,90.3856,0,0,0,7.33271,9.3758,13.0399,7.3297,9.98543,43.6446,4.9289
RL(s.1),SA-BT-50-5-50,F2,40,40,1,33.1803,33.0559,0,0,26,91.0032,0,0,0,7.38032,9.76706,11.8117,7.40835,10.1325,46.3489,4.77497
RL(s.1),SA-BT-50-5-50,F3,120,120,1,29.5695,29.3863,0,0,28.1083,89.3651,0,10.325,3.06667,7.5692,9.29941,13.828,7.4531,9.80761,44.0516,2.18126
RL(s.1)-arr,ALL,F1-F3,1120,1119,0.999107,43.9967,41.7749,0,0,26.3571,105.754,3.38036,5.52143,1.09821,7.6946,9.73661,23.9532,7.6934,13.255,50.377,3.35611
RL(s.1)-arr,ALL,F1,480,480,1,41.3997,39.807,0,0,23.3333,109.343,3.52917,0,0,7.7025,9.77891,23.2532,7.6999,13.2791,48.657,4.06455
RL(s.1)-arr,ALL,F2,160,160,1,47.9884,45.9518,0,0,26,105.788,4.16875,0,0,7.74715,9.77298,23.6699,7.7327,13.245,49.1898,3.94622
RL(s.1)-arr,ALL,F3,480,479,0.997917,45.2659,42.4707,0,0,29.5,102.155,2.96875,12.8833,2.5625,7.67849,9.68355,23.9532,7.6677,13.2212,50.377,2.45096
RL(s.1)-arr,MA-AT-25-5-50,F1-F3,280,279,0.996429,60.4094,58.5066,0,0,21.5286,81.3136,5.39643,2.17143,0.560714,6.56622,8.38292,12.5072,6.5971,9.0483,50.377,1.73946
RL(s.1)-arr,MA-AT-25-5-50,F1,120,120,1,56.4166,55.2866,0,0,23.3333,85.9345,5.525,0,0,6.5589,8.37187,11.3154,6.5895,9.03441,48.657,1.87527
RL(s.1)-arr,MA-AT-25-5-50,F2,40,40,1,65.5739,64.3025,0,0,26,82.6078,7.675,0,0,6.65058,8.48604,12.5072,6.6504,8.75224,44.6443,1.88717
RL(s.1)-arr,MA-AT-25-5-50,F3,120,119,0.991667,62.6997,60.0078,0,0,18.2333,76.2613,4.50833,5.06667,1.30833,6.56406,8.326,11.0779,6.5834,9.18684,50.377,1.55441
RL(s.1)-arr,MA-AT-50-5-50,F1-F3,280,280,1,36.1967,35.6152,0,0,26.1679,106.945,8.125,4.76071,1.26429,7.76053,10.0429,14.7364,7.7749,11.2506,47.6252,3.63032
RL(s.1)-arr,MA-AT-50-5-50,F1,120,120,1,34.6231,34.3257,0,0,23.3333,111.493,8.59167,0,0,7.73111,10.1753,14.7364,7.7623,11.1823,47.6252,4.47968
RL(s.1)-arr,MA-AT-50-5-50,F2,40,40,1,39.7845,39.4041,0,0,26,106.472,9,0,0,7.81776,9.8091,13.1347,7.81155,11.2427,47.2631,4.28798
RL(s.1)-arr,MA-AT-50-5-50,F3,120,120,1,36.5744,35.7286,0,0,29.0583,102.556,7.36667,11.1083,2.95,7.78826,9.96413,13.9817,7.77635,11.3495,42.9562,2.56174
RL(s.1)-arr,SA-AT-50-5-50,F1-F3,280,280,1,49.1967,48.7133,0,0,31.9714,144.722,0,10.7286,1.25357,7.84665,10.2666,20.1789,7.99965,14.9653,45.3947,4.05487
RL(s.1)-arr,SA-AT-50-5-50,F1,120,120,1,44.6223,44.484,0,0,23.3333,149.56,0,0,0,7.84918,10.3924,20.1789,8.03105,15.0828,45.3947,4.58591
RL(s.1)-arr,SA-AT-50-5-50,F2,40,40,1,53.4147,53.2345,0,0,26,143.068,0,0,0,7.96151,10.6849,19.5023,8.1109,15.3095,42.3382,4.55578
RL(s.1)-arr,SA-AT-50-5-50,F3,120,120,1,52.3651,51.7895,0,0,42.6,140.436,0,25.0333,2.925,7.80851,10.1782,19.3859,7.91755,14.6386,45.2677,3.35687
RL(s.1)-arr,SA-BT-50-5-50,F1-F3,280,280,1,30.2427,30.0397,0,0,25.7607,90.0364,0,4.425,1.31429,7.75168,9.81534,23.9532,7.725,11.891,49.1898,3.9998
RL(s.1)-arr,SA-BT-50-5-50,F1,120,120,1,29.9367,29.7438,0,0,23.3333,90.3856,0,0,0,7.74179,9.87065,23.2532,7.7259,11.965,47.0772,5.31736
RL(s.1)-arr,SA-BT-50-5-50,F2,40,40,1,33.1803,33.0559,0,0,26,91.0032,0,0,0,7.75342,9.92588,23.6699,7.7401,11.5195,49.1898,5.05397
RL(s.1)-arr,SA-BT-50-5-50,F3,120,120,1,29.5695,29.3863,0,0,28.1083,89.3651,0,10.325,3.06667,7.7589,9.72361,23.9532,7.7145,11.8144,45.7977,2.33084
greedy,ALL,F1-F3,1120,1038,0.926786,49.1044,45.4656,0,0,27.3366,85.1011,0,6.50089,0.901786,0.0956752,0.25796,1.51909,0.0441,0.2807,36.3549,0.0621687
greedy,ALL,F1,480,454,0.945833,45.5978,42.6326,0,0,23.4167,89.2929,0,0.0833333,0,0.0281733,0.241201,0.717384,0.0269,0.2555,36.3549,0.0692911
greedy,ALL,F2,160,154,0.9625,54.5176,50.4984,0,0,26.0562,87.6722,0,0.05625,0,0.0294838,0.247386,0.718031,0.0273,0.2646,12.1766,0.0612823
greedy,ALL,F3,480,430,0.895833,50.868,46.8656,0,0,31.6833,80.0522,0,15.0667,2.10417,0.14746,0.284576,1.51909,0.13305,0.3185,5.7318,0.0553419
greedy,MA-AT-25-5-50,F1-F3,280,205,0.732143,75.0207,71.8975,0,0,22.5964,50.2245,0,3.23929,0.382143,0.141746,0.276968,1.51909,0.15,0.2949,5.3241,0.0367917
greedy,MA-AT-25-5-50,F1,120,94,0.783333,71.6363,68.8752,0,0,23.6667,55.7697,0,0.333333,0,0.122119,0.261154,0.526449,0.1325,0.266435,4.9161,0.0370603
greedy,MA-AT-25-5-50,F2,40,34,0.85,86.7963,83.5854,0,0,26.225,56.3401,0,0.225,0,0.124621,0.270791,0.516256,0.1276,0.27797,2.66,0.0407095
greedy,MA-AT-25-5-50,F3,120,77,0.641667,73.9527,70.8921,0,0,20.3167,42.6409,0,7.15,0.891667,0.172588,0.309588,1.51909,0.1805,0.3179,5.3241,0.0352171
greedy,MA-AT-50-5-50,F1-F3,280,280,1,39.8494,38.879,0,0,27.1607,91.6619,0,5.75357,1.13571,0.0299015,0.268473,0.849646,0.0394,0.3,12.1766,0.0791423
greedy,MA-AT-50-5-50,F1,120,120,1,37.1785,36.5771,0,0,23.3333,96.0109,0,0,0,0.025121,0.247696,0.717384,0.027,0.2738,4.7847,0.0901913
greedy,MA-AT-50-5-50,F2,40,40,1,43.2111,42.6269,0,0,26,92.3453,0,0,0,0.0249305,0.255153,0.511286,0.028,0.289725,12.1766,0.0830373
greedy,MA-AT-50-5-50,F3,120,120,1,41.3998,40.0773,0,0,31.375,87.0852,0,13.425,2.65,0.146805,0.307695,0.849646,0.125,0.31971,4.8166,0.0667951
greedy,SA-AT-50-5-50,F1-F3,280,273,0.975,57.7165,56.4376,0,0,33.2643,116.96,0,12.0214,0.885714,0.0708972,0.251885,0.718031,0.0977,0.3398,5.7318,0.0750457
greedy,SA-AT-50-5-50,F1,120,120,1,49.4108,49.1387,0,0,23.3333,121.56,0,0,0,0.03933,0.236273,0.567344,0.0461,0.299,4.789,0.0726574
greedy,SA-AT-50-5-50,F2,40,40,1,59.5587,59.2334,0,0,26,120.08,0,0,0,0.03828,0.240874,0.718031,0.0488,0.31125,3.4694,0.0756947
greedy,SA-AT-50-5-50,F3,120,113,0.941667,65.8845,64.2696,0,0,45.6167,111.319,0,28.05,2.06667,0.150618,0.271793,0.65482,0.1536,0.38614,5.7318,0.0772177
greedy,SA-BT-50-5-50,F1-F3,280,280,1,30.9882,30.7888,0,0,26.325,81.5581,0,4.98929,1.20357,0.0214355,0.220001,0.445885,0.0221,0.2239,36.3549,0.0576953
greedy,SA-BT-50-5-50,F1,120,120,1,29.8074,29.6079,0,0,23.3333,83.8309,0,0,0,0.0207222,0.210667,0.302899,0.021,0.2128,36.3549,0.0772555
greedy,SA-BT-50-5-50,F2,40,40,1,33.346,33.2321,0,0,26,81.9238,0,0,0,0.020501,0.209042,0.338806,0.0209,0.21264,3.1118,0.0456877
greedy,SA-BT-50-5-50,F3,120,120,1,31.3831,31.2121,0,0,29.425,79.1633,0,11.6417,2.80833,0.1276,0.253427,0.445885,0.0551,0.2478,4.9164,0.0421377
greedy-arr,ALL,F1-F3,1120,1039,0.927679,48.8965,45.217,0,0,27.3089,85.1659,2.18929,6.47321,0.90625,0.094516,0.267529,0.910827,0.0459,0.3077,10.5315,0.0654626
greedy-arr,ALL,F1,480,453,0.94375,45.3364,42.3901,0,0,23.4104,89.3266,2.36875,0.0770833,0,0.028517,0.248083,0.668286,0.0284,0.2695,7.0445,0.0726159
greedy-arr,ALL,F2,160,153,0.95625,53.4351,49.6888,0,0,26.0625,87.4992,2.65625,0.0625,0,0.027661,0.253961,0.701259,0.0276,0.2786,5.5319,0.0630387
greedy-arr,ALL,F3,480,433,0.902083,51.0173,46.791,0,0,31.6229,80.2275,1.85417,15.0062,2.11458,0.154864,0.30668,0.910827,0.1378,0.3583,10.5315,0.0591173
greedy-arr,MA-AT-25-5-50,F1-F3,280,206,0.735714,74.679,71.3883,0,0,22.5643,50.3452,2.25357,3.20714,0.392857,0.152876,0.296499,0.765287,0.1536,0.3067,10.5315,0.0390466
greedy-arr,MA-AT-25-5-50,F1,120,93,0.775,71.2829,68.4588,0,0,23.6417,55.7299,2.38333,0.308333,0,0.123673,0.267459,0.659266,0.1359,0.2794,5.174,0.0402183
greedy-arr,MA-AT-25-5-50,F2,40,33,0.825,83.9131,80.9297,0,0,26.25,54.9815,3.425,0.25,0,0.129708,0.272639,0.48137,0.1321,0.2794,5.5292,0.0430398
greedy-arr,MA-AT-25-5-50,F3,120,80,0.666667,74.818,71.1719,0,0,20.2583,43.415,1.73333,7.09167,0.916667,0.169898,0.316034,0.765287,0.1813,0.3279,10.5315,0.0365439
greedy-arr,MA-AT-50-5-50,F1-F3,280,280,1,39.2366,38.2332,0,0,27.0821,91.8007,6.50357,5.675,1.14286,0.0273247,0.259831,0.618393,0.0299,0.2702,5.6766,0.0762589
greedy-arr,MA-AT-50-5-50,F1,120,120,1,36.6823,36.1105,0,0,23.3333,96.1853,7.09167,0,0,0.0248088,0.245285,0.384981,0.0254,0.2485,4.2774,0.0851725
greedy-arr,MA-AT-50-5-50,F2,40,40,1,42.2563,41.6748,0,0,26,93.0119,7.2,0,0,0.0243598,0.250741,0.507292,0.0255,0.2578,3.9907,0.0746679
greedy-arr,MA-AT-50-5-50,F3,120,120,1,40.7844,39.3342,0,0,31.1917,87.0124,5.68333,13.2417,2.66667,0.146755,0.310823,0.618393,0.1227,0.3149,5.6766,0.0678756
greedy-arr,SA-AT-50-5-50,F1-F3,280,273,0.975,57.7165,56.4376,0,0,33.2643,116.96,0,12.0214,0.885714,0.0898985,0.263463,0.726002,0.1035,0.3955,7.0445,0.0806938
greedy-arr,SA-AT-50-5-50,F1,120,120,1,49.4108,49.1387,0,0,23.3333,121.56,0,0,0,0.0460417,0.241509,0.60077,0.053,0.3568,7.0445,0.0775788
greedy-arr,SA-AT-50-5-50,F2,40,40,1,59.5587,59.2334,0,0,26,120.08,0,0,0,0.0494897,0.247846,0.701259,0.0512,0.38895,3.6579,0.0833074
greedy-arr,SA-AT-50-5-50,F3,120,113,0.941667,65.8845,64.2696,0,0,45.6167,111.319,0,28.05,2.06667,0.158076,0.283857,0.726002,0.1595,0.43234,6.0085,0.0829376
greedy-arr,SA-BT-50-5-50,F1-F3,280,280,1,30.9882,30.7888,0,0,26.325,81.5581,0,4.98929,1.20357,0.0255355,0.237554,0.910827,0.027,0.2661,5.5319,0.0658511
greedy-arr,SA-BT-50-5-50,F1,120,120,1,29.8074,29.6079,0,0,23.3333,83.8309,0,0,0,0.0203213,0.217969,0.668286,0.0242,0.2331,3.8084,0.0874938
greedy-arr,SA-BT-50-5-50,F2,40,40,1,33.346,33.2321,0,0,26,81.9238,0,0,0,0.0212553,0.214298,0.483843,0.0254,0.22504,5.5319,0.0511398
greedy-arr,SA-BT-50-5-50,F3,120,120,1,31.3831,31.2121,0,0,29.425,79.1633,0,11.6417,2.80833,0.131801,0.278721,0.910827,0.0638,0.3353,3.4646,0.049112
SPARC-L>B4-eq,ALL,F1-F3,1120,1120,1,41.0551,38.9156,27.7268,401.781,44.2054,84.0574,0.0830357,6.35982,0.994643,39.028,55.7604,453.266,34.7787,71.8783,523.249,1.27541
SPARC-L>B4-eq,ALL,F1,480,480,1,37.8087,36.4168,33.3813,368.206,49.3646,82.732,0,0,0,31.5817,46.9592,127.609,31.1891,60.7476,509.615,1.37244
SPARC-L>B4-eq,ALL,F2,160,160,1,43.1263,41.2803,35.2188,576.013,46.4375,82.2653,0,0,0,39.9289,53.4256,144.917,38.8358,71.3347,466.678,1.68147
SPARC-L>B4-eq,ALL,F3,480,480,1,43.6112,40.7761,19.575,377.279,38.3021,85.9801,0.19375,14.8396,2.32083,49.1679,72.5484,453.266,41.4914,89.7446,523.249,1.04302
SPARC-L>B4-eq,MA-AT-25-5-50,F1-F3,280,280,1,54.5211,52.7269,26.7571,310.55,33.9679,62.8639,0.05,2.41071,0.528571,37.4389,49.5311,348.884,34.563,54.3497,486.157,1.04938
SPARC-L>B4-eq,MA-AT-25-5-50,F1,120,120,1,50.8655,49.7633,34.5833,341.742,41.525,63.6213,0,0,0,31.9362,45.2914,70.166,31.5868,49.3519,486.157,1.2412
SPARC-L>B4-eq,MA-AT-25-5-50,F2,40,40,1,58.1133,56.7704,35.175,476.3,41.575,61.2395,0,0,0,39.4856,49.6602,62.5041,38.9011,53.4767,389.838,1.46025
SPARC-L>B4-eq,MA-AT-25-5-50,F3,120,120,1,56.9793,54.5079,16.125,224.108,23.875,62.6479,0.116667,5.625,1.23333,44.2072,60.0258,348.884,38.6251,65.8483,410.664,0.720593
SPARC-L>B4-eq,MA-AT-50-5-50,F1-F3,280,280,1,33.6792,32.8333,31.9964,317.796,48.4357,71.3169,0.05,4.95,1.07857,37.4955,53.2899,441.683,34.5508,62.8792,495.894,1.37113
SPARC-L>B4-eq,MA-AT-50-5-50,F1,120,120,1,31.6223,31.2888,38.1583,279.067,56.5583,68.867,0,0,0,31.4595,45.2656,91.8074,31.4516,53.1845,428.872,1.4923
SPARC-L>B4-eq,MA-AT-50-5-50,F2,40,40,1,35.9402,35.3133,41.4,457.2,52.55,71.0492,0,0,0,39.2581,53.2161,102.14,38.9429,62.0128,428.616,1.85114
SPARC-L>B4-eq,MA-AT-50-5-50,F3,120,120,1,34.9824,33.6279,22.7,310.058,38.9417,73.8559,0.116667,11.55,2.51667,46.0202,70.5903,441.683,40.7143,77.3655,495.894,1.08996
SPARC-L>B4-eq,SA-AT-50-5-50,F1-F3,280,280,1,47.2795,46.4344,23.8214,751.504,44.8036,125.389,0.178571,13.1643,1.11429,58.4678,76.374,453.266,52.8728,97.5529,523.249,1.54583
SPARC-L>B4-eq,SA-AT-50-5-50,F1,120,120,1,40.6786,40.532,27.5667,678.317,39.425,123.541,0,0,0,44.7994,64.3552,127.609,43.8499,75.1822,509.615,1.5328
SPARC-L>B4-eq,SA-AT-50-5-50,F2,40,40,1,48.3299,48.1912,28.3,1082.3,38.975,119.563,0,0,0,60.1283,76.374,144.917,58.4397,88.649,466.678,1.90716
SPARC-L>B4-eq,SA-AT-50-5-50,F3,120,120,1,53.5303,52.5417,18.5833,714.425,52.125,129.178,0.416667,30.7167,2.6,74.5441,107.803,453.266,64.5131,125.437,523.249,1.43841
SPARC-L>B4-eq,SA-BT-50-5-50,F1-F3,280,280,1,28.7407,28.5303,28.3321,227.275,49.6143,76.6601,0.0535714,4.91429,1.25714,33.5682,47.9721,314.298,30.2822,55.3933,435.481,1.1353
SPARC-L>B4-eq,SA-BT-50-5-50,F1,120,120,1,28.0684,27.8681,33.2167,173.7,59.95,74.8986,0,0,0,28.8871,39.8194,93.688,26.9153,47.5903,432.51,1.22346
SPARC-L>B4-eq,SA-BT-50-5-50,F2,40,40,1,30.1218,30.057,36,288.25,52.65,77.2098,0,0,0,33.7558,47.4824,97.2142,33.6611,55.9714,424.339,1.50731
SPARC-L>B4-eq,SA-BT-50-5-50,F3,120,120,1,28.9527,28.705,20.8917,260.525,38.2667,78.2385,0.125,11.4667,2.93333,40.6878,61.3535,314.298,36.3565,66.0336,435.481,0.923123
B4-eq>SPARC-L,ALL,F1-F3,1120,1120,1,40.4132,38.3287,27.9232,333.3,43.8438,83.3653,0.0321429,6.27232,1.02946,13.4334,25.8744,477.733,9.05355,34.9449,543.004,0.525341
B4-eq>SPARC-L,ALL,F1,480,480,1,37.3368,36.0036,33.6812,301.033,48.975,82.1543,0,0,0,6.53028,18.9595,77.7104,6.36955,27.0296,460.891,0.491123
B4-eq>SPARC-L,ALL,F2,160,160,1,42.8848,41.0516,35.7812,457.319,46.1875,80.9026,0,0,0,15.3473,21.4896,53.2646,12.5297,33.6913,456.899,0.685156
B4-eq>SPARC-L,ALL,F3,480,480,1,42.6657,39.8811,19.5458,324.227,37.9312,85.3971,0.075,14.6354,2.40208,21.3118,85.0695,477.733,14.7527,51.8045,543.004,0.506288
B4-eq>SPARC-L,MA-AT-25-5-50,F1-F3,280,280,1,53.892,52.0058,26.9929,254.232,33.4786,62.1466,0.0285714,2.18571,0.542857,15.4796,25.6435,374.439,13.4682,29.6984,445.702,0.484026
B4-eq>SPARC-L,MA-AT-25-5-50,F1,120,120,1,49.8766,48.8114,34.7167,274.3,40.9667,62.6553,0,0,0,11.1532,22.3651,72.9713,11.0378,25.5473,404.562,0.510116
B4-eq>SPARC-L,MA-AT-25-5-50,F2,40,40,1,57.8927,56.2349,36.275,388.625,41.9,60.0004,0,0,0,16.0223,22.2168,37.0765,16.0709,28.0466,378.857,0.673659
B4-eq>SPARC-L,MA-AT-25-5-50,F3,120,120,1,56.5738,53.9839,16.175,189.367,23.1833,62.3534,0.0666667,5.1,1.26667,22.7647,99.1819,374.439,16.5164,53.2699,445.702,0.394725
B4-eq>SPARC-L,MA-AT-50-5-50,F1-F3,280,280,1,33.0082,32.285,31.7893,250.443,47.9393,70.3059,0.0107143,4.99643,1.16786,10.7348,20.7497,473.4,7.7762,27.9532,514.406,0.514911
B4-eq>SPARC-L,MA-AT-50-5-50,F1,120,120,1,31.4898,31.1639,37.6583,219.717,55.825,68.5286,0,0,0,5.83076,16.0445,77.7104,5.9134,21.2128,412.979,0.474141
B4-eq>SPARC-L,MA-AT-50-5-50,F2,40,40,1,35.6361,35.1085,41.3,330.05,51.95,69.4288,0,0,0,12.3311,19.6995,35.4731,12.0742,25.3323,439.534,0.679989
B4-eq>SPARC-L,MA-AT-50-5-50,F3,120,120,1,33.6506,32.5247,22.75,254.633,38.7167,72.3757,0.025,11.6583,2.725,16.2888,85.3686,473.4,13.0254,39.1427,514.406,0.500655
B4-eq>SPARC-L,SA-AT-50-5-50,F1-F3,280,280,1,46.361,45.5959,24.3,634.65,44.8393,124.883,0.0785714,13.0357,1.11071,24.1905,38.4581,477.733,19.2077,47.5323,543.004,0.71051
B4-eq>SPARC-L,SA-AT-50-5-50,F1,120,120,1,40.1945,40.0431,28.45,556.633,39.6083,122.676,0,0,0,11.3054,31.3784,59.1052,11.2262,36.0967,460.891,0.61618
B4-eq>SPARC-L,SA-AT-50-5-50,F2,40,40,1,47.6517,47.4902,28.925,880.525,39.05,117.454,0,0,0,25.2509,35.5389,53.2646,23.7459,43.4346,456.899,0.887225
B4-eq>SPARC-L,SA-AT-50-5-50,F3,120,120,1,52.0972,51.219,18.6083,630.708,52,129.566,0.183333,30.4167,2.59167,32.908,117.256,477.733,27.7926,71.2645,543.004,0.745936
B4-eq>SPARC-L,SA-BT-50-5-50,F1-F3,280,280,1,28.3917,28.1915,28.6107,193.875,49.1179,76.1255,0.0107143,4.87143,1.29643,7.80052,15.7217,347.278,5.8661,20.9622,486.808,0.391918
B4-eq>SPARC-L,SA-BT-50-5-50,F1,120,120,1,27.7864,27.5857,33.9,153.483,59.5,74.7573,0,0,0,5.17822,11.3571,30.4557,4.9387,15.4033,416.005,0.364056
B4-eq>SPARC-L,SA-BT-50-5-50,F2,40,40,1,30.3588,30.2899,36.625,230.075,51.85,76.7276,0,0,0,8.2589,16.2664,36.7389,7.73545,19.4676,397.254,0.49975
B4-eq>SPARC-L,SA-BT-50-5-50,F3,120,120,1,28.3412,28.1294,20.65,222.2,37.825,77.2929,0.025,11.3667,3.025,13.3646,65.9757,347.278,9.882,30.0807,486.808,0.383835
B4-eq+t0,ALL,F1-F3,1120,1120,1,41.0778,38.9053,27.7777,398.647,43.958,83.6585,0.05,6.27143,0.982143,38.4681,59.8082,1829.39,34.397,70.9015,2236.39,1.8307
B4-eq+t0,ALL,F1,480,480,1,37.8239,36.4212,33.3229,366.792,49.1396,82.5262,0,0,0,30.5305,48.7524,254.59,30.6933,58.1345,1071.57,1.70539
B4-eq+t0,ALL,F2,160,160,1,43.6406,41.6966,35.825,577.6,46.4062,82.1555,0,0,0,40.3303,54.8152,131.169,39.1809,68.0023,1079.62,2.14382
B4-eq+t0,ALL,F3,480,480,1,43.4775,40.61,19.55,370.852,37.9604,85.2919,0.116667,14.6333,2.29167,50.1924,619.494,1829.39,40.8238,116.93,2236.39,1.85164
B4-eq+t0,MA-AT-25-5-50,F1-F3,280,280,1,54.8685,52.884,26.4107,309.843,33.6464,62.8337,0.0571429,2.51429,0.557143,38.7091,57.1682,1378.4,35.78,64.9988,1704.21,1.63691
B4-eq+t0,MA-AT-25-5-50,F1,120,120,1,50.7677,49.6762,33.8833,340.467,40.8417,63.8336,0,0,0,32.2633,51.9423,254.59,32.4427,53.6526,819.925,1.6164
B4-eq+t0,MA-AT-25-5-50,F2,40,40,1,59.2421,57.7167,35.45,474.725,41.425,61.7176,0,0,0,40.4119,51.4675,86.4427,39.9967,62.5333,825.716,1.9771
B4-eq+t0,MA-AT-25-5-50,F3,120,120,1,57.5114,54.6816,15.925,224.258,23.8583,62.2059,0.133333,5.86667,1.3,52.6173,796.945,1378.4,40.5328,488.167,1704.21,1.54404
B4-eq+t0,MA-AT-50-5-50,F1-F3,280,280,1,33.509,32.7846,32.0714,319.707,48.0821,70.5557,0.0392857,4.76071,1.03571,37.3603,52.506,1493.24,34.5008,60.8554,1674.64,1.96974
B4-eq+t0,MA-AT-50-5-50,F1,120,120,1,31.8509,31.488,38.2167,284.325,56.4083,68.3746,0,0,0,30.2679,46.3765,72.0815,31.3535,51.6576,960.17,1.86502
B4-eq+t0,MA-AT-50-5-50,F2,40,40,1,36.1575,35.6839,41.35,468.15,52.375,70.3398,0,0,0,40.3212,53.0943,72.4718,39.7628,59.2846,991.955,2.32647
B4-eq+t0,MA-AT-50-5-50,F3,120,120,1,34.2844,33.184,22.8333,305.608,38.325,72.8089,0.0916667,11.1083,2.41667,43.5493,606.907,1493.24,39.4255,87.1227,1674.64,1.95556
B4-eq+t0,SA-AT-50-5-50,F1-F3,280,280,1,47.2144,46.4001,23.8429,740.171,44.4107,124.783,0.1,12.7964,1.05357,54.4638,75.9998,1829.39,49.0798,99.5674,2236.39,2.16165
B4-eq+t0,SA-AT-50-5-50,F1,120,120,1,40.7752,40.6068,27.625,668.625,39.325,123.156,0,0,0,41.3453,63.633,249.127,41.162,68.2011,1071.57,1.87372
B4-eq+t0,SA-AT-50-5-50,F2,40,40,1,49.1007,48.9597,28.675,1076.83,38.75,119.605,0,0,0,57.413,73.1277,131.169,55.8747,92.0041,1079.62,2.38804
B4-eq+t0,SA-AT-50-5-50,F3,120,120,1,53.0248,52.0795,18.45,699.5,51.3833,128.135,0.233333,29.8583,2.45833,67.1625,767.272,1829.39,58.429,140.63,2236.39,2.37411
B4-eq+t0,SA-BT-50-5-50,F1-F3,280,280,1,28.7194,28.4789,28.7857,224.868,49.6929,76.462,0.00357143,5.01429,1.28214,32.4317,46.2519,904.229,29.0193,53.0664,1235.1,1.55449
B4-eq+t0,SA-BT-50-5-50,F1,120,120,1,27.902,27.7029,33.5667,173.75,59.9833,74.7404,0,0,0,27.4064,37.8385,60.0792,26.1028,42.6697,794.652,1.4664
B4-eq+t0,SA-BT-50-5-50,F2,40,40,1,30.0622,29.9772,37.825,290.7,53.075,76.9596,0,0,0,33.6137,47.0233,70.7494,32.8663,52.3495,780.691,1.88366
B4-eq+t0,SA-BT-50-5-50,F3,120,120,1,29.0892,28.7804,20.9917,254.042,38.275,78.0179,0.00833333,11.7,2.99167,38.7355,468.526,904.229,34.6059,70.7519,1235.1,1.53285
B4-r156,ALL,F1-F3,280,280,1,28.7017,28.4683,28.2929,220.279,49.7107,76.4829,0.00357143,5.2,1.32143,121.69,169.521,364.81,109.95,175.845,524.585,3.84541
B4-r156,ALL,F1,120,120,1,27.8356,27.6265,33.3833,170.675,60,74.6117,0,0,0,103.148,140.416,190.336,98.953,155.89,524.585,4.1222
B4-r156,ALL,F2,40,40,1,30.027,29.9302,36.025,270.975,52.15,77.3289,0,0,0,125.803,173.34,200.768,124.434,177.643,250.468,5.13493
B4-r156,ALL,F3,120,120,1,29.1259,28.8501,20.625,252.983,38.6083,78.0721,0.00833333,12.1333,3.08333,147.982,303.25,364.81,131.868,248.009,447.667,3.13878
B4-r156,SA-BT-50-5-50,F1-F3,280,280,1,28.7017,28.4683,28.2929,220.279,49.7107,76.4829,0.00357143,5.2,1.32143,121.69,169.521,364.81,109.95,175.845,524.585,3.84541
B4-r156,SA-BT-50-5-50,F1,120,120,1,27.8356,27.6265,33.3833,170.675,60,74.6117,0,0,0,103.148,140.416,190.336,98.953,155.89,524.585,4.1222
B4-r156,SA-BT-50-5-50,F2,40,40,1,30.027,29.9302,36.025,270.975,52.15,77.3289,0,0,0,125.803,173.34,200.768,124.434,177.643,250.468,5.13493
B4-r156,SA-BT-50-5-50,F3,120,120,1,29.1259,28.8501,20.625,252.983,38.6083,78.0721,0.00833333,12.1333,3.08333,147.982,303.25,364.81,131.868,248.009,447.667,3.13878
B4-r17,ALL,F1-F3,280,280,1,55.6342,53.6294,26.4571,323.121,33.4393,63.9372,0.05,2.36786,0.542857,15.7488,22.6371,79.2388,14.5418,25.2157,369.563,0.474398
B4-r17,ALL,F1,120,120,1,51.3152,50.2308,33.8667,359.425,40.6167,64.6616,0,0,0,13.2141,20.2282,69.5713,13.3041,21.944,369.563,0.54451
B4-r17,ALL,F2,40,40,1,59.6995,58.1647,35.45,497.15,41.425,62.0589,0,0,0,16.5011,22.4167,37.1645,16.3081,24.3141,52.4343,0.648112
B4-r17,ALL,F3,120,120,1,58.5982,55.7293,16.05,228.808,23.6,63.839,0.116667,5.525,1.26667,20.2178,50.2808,79.2388,16.4059,39.1965,81.4656,0.346382
B4-r17,MA-AT-25-5-50,F1-F3,280,280,1,55.6342,53.6294,26.4571,323.121,33.4393,63.9372,0.05,2.36786,0.542857,15.7488,22.6371,79.2388,14.5418,25.2157,369.563,0.474398
B4-r17,MA-AT-25-5-50,F1,120,120,1,51.3152,50.2308,33.8667,359.425,40.6167,64.6616,0,0,0,13.2141,20.2282,69.5713,13.3041,21.944,369.563,0.54451
B4-r17,MA-AT-25-5-50,F2,40,40,1,59.6995,58.1647,35.45,497.15,41.425,62.0589,0,0,0,16.5011,22.4167,37.1645,16.3081,24.3141,52.4343,0.648112
B4-r17,MA-AT-25-5-50,F3,120,120,1,58.5982,55.7293,16.05,228.808,23.6,63.839,0.116667,5.525,1.26667,20.2178,50.2808,79.2388,16.4059,39.1965,81.4656,0.346382
B4-r176,ALL,F1-F3,280,280,1,33.3745,32.6411,31.8393,303.471,48.0107,70.097,0.0285714,4.85,1.07143,140.339,194.911,536.316,131.6,214.095,728.585,4.94444
B4-r176,ALL,F1,120,120,1,31.3558,31.0441,37.7583,267.217,56.1917,68.27,0,0,0,115.45,168.379,259.093,120.23,188.262,728.585,5.3416
B4-r176,ALL,F2,40,40,1,36.2727,35.7257,41.3,445,51.725,70.3006,0,0,0,153.234,197.441,260.656,152.642,213.928,281.018,6.72202
B4-r176,ALL,F3,120,120,1,34.4272,33.3027,22.7667,292.55,38.5917,71.8561,0.0666667,11.3167,2.5,167.849,393.05,536.316,151.632,292.836,705.135,3.95474
B4-r176,MA-AT-50-5-50,F1-F3,280,280,1,33.3745,32.6411,31.8393,303.471,48.0107,70.097,0.0285714,4.85,1.07143,140.339,194.911,536.316,131.6,214.095,728.585,4.94444
B4-r176,MA-AT-50-5-50,F1,120,120,1,31.3558,31.0441,37.7583,267.217,56.1917,68.27,0,0,0,115.45,168.379,259.093,120.23,188.262,728.585,5.3416
B4-r176,MA-AT-50-5-50,F2,40,40,1,36.2727,35.7257,41.3,445,51.725,70.3006,0,0,0,153.234,197.441,260.656,152.642,213.928,281.018,6.72202
B4-r176,MA-AT-50-5-50,F3,120,120,1,34.4272,33.3027,22.7667,292.55,38.5917,71.8561,0.0666667,11.3167,2.5,167.849,393.05,536.316,151.632,292.836,705.135,3.95474
B4-r18,ALL,F1-F3,280,280,1,47.4598,46.6543,24.0286,752.632,44.8321,125.648,0.107143,13.1107,1.09286,23.4643,32.6551,107.822,21.413,39.3251,365.073,0.676145
B4-r18,ALL,F1,120,120,1,40.8554,40.6953,28.0667,684.483,39.575,124.29,0,0,0,17.8567,27.4117,52.527,17.6945,31.4461,365.073,0.671923
B4-r18,ALL,F2,40,40,1,49.216,49.0515,28.6,1087.55,39.225,119.981,0,0,0,23.6922,31.5807,39.2259,23.3179,33.4483,124.86,0.807096
B4-r18,ALL,F3,120,120,1,53.4789,52.6,18.4667,709.142,51.9583,128.895,0.25,30.5917,2.55,30.1625,68.1438,107.822,26.112,54.5855,129.464,0.636718
B4-r18,SA-AT-50-5-50,F1-F3,280,280,1,47.4598,46.6543,24.0286,752.632,44.8321,125.648,0.107143,13.1107,1.09286,23.4643,32.6551,107.822,21.413,39.3251,365.073,0.676145
B4-r18,SA-AT-50-5-50,F1,120,120,1,40.8554,40.6953,28.0667,684.483,39.575,124.29,0,0,0,17.8567,27.4117,52.527,17.6945,31.4461,365.073,0.671923
B4-r18,SA-AT-50-5-50,F2,40,40,1,49.216,49.0515,28.6,1087.55,39.225,119.981,0,0,0,23.6922,31.5807,39.2259,23.3179,33.4483,124.86,0.807096
B4-r18,SA-AT-50-5-50,F3,120,120,1,53.4789,52.6,18.4667,709.142,51.9583,128.895,0.25,30.5917,2.55,30.1625,68.1438,107.822,26.112,54.5855,129.464,0.636718
B4-r188,ALL,F1-F3,280,280,1,54.1976,52.2795,26.6607,307.414,33.7429,61.9716,0.025,2.48571,0.503571,150.163,198.686,508.924,138.547,214.039,547.72,4.06554
B4-r188,ALL,F1,120,120,1,50.252,49.1264,34.0583,334.667,40.925,62.5326,0,0,0,128.201,182.79,232.847,126.108,192.883,547.72,4.7084
B4-r188,ALL,F2,40,40,1,57.8674,56.6418,35.525,481.075,41.3,60.6378,0,0,0,161.079,196.02,290.734,157.542,216.72,322.478,5.74134
B4-r188,ALL,F3,120,120,1,56.92,54.1683,16.3083,222.275,24.0417,61.8552,0.0583333,5.8,1.175,188.707,390.73,508.924,157.891,337.665,527.95,2.86408
B4-r188,MA-AT-25-5-50,F1-F3,280,280,1,54.1976,52.2795,26.6607,307.414,33.7429,61.9716,0.025,2.48571,0.503571,150.163,198.686,508.924,138.547,214.039,547.72,4.06554
B4-r188,MA-AT-25-5-50,F1,120,120,1,50.252,49.1264,34.0583,334.667,40.925,62.5326,0,0,0,128.201,182.79,232.847,126.108,192.883,547.72,4.7084
B4-r188,MA-AT-25-5-50,F2,40,40,1,57.8674,56.6418,35.525,481.075,41.3,60.6378,0,0,0,161.079,196.02,290.734,157.542,216.72,322.478,5.74134
B4-r188,MA-AT-25-5-50,F3,120,120,1,56.92,54.1683,16.3083,222.275,24.0417,61.8552,0.0583333,5.8,1.175,188.707,390.73,508.924,157.891,337.665,527.95,2.86408
B4-r196,ALL,F1-F3,280,280,1,46.9121,46.0101,23.8714,730.211,44.8464,124.043,0.0964286,13.3321,1.04286,221.652,283.163,792.537,199.46,324.909,1001.93,5.52832
B4-r196,ALL,F1,120,120,1,40.1602,39.9927,27.5167,645.75,39.1833,122.253,0,0,0,164.793,244.799,407.977,166.725,263.549,599.305,5.42685
B4-r196,ALL,F2,40,40,1,47.9901,47.8596,28.975,1062.3,39.125,117.643,0,0,0,231.184,283.072,345.226,225.424,289.972,423.441,6.90568
B4-r196,ALL,F3,120,120,1,53.3047,52.2419,18.525,703.975,52.4167,127.967,0.225,31.1083,2.43333,282.429,532.868,792.537,246.666,456.713,1001.93,5.17067
B4-r196,SA-AT-50-5-50,F1-F3,280,280,1,46.9121,46.0101,23.8714,730.211,44.8464,124.043,0.0964286,13.3321,1.04286,221.652,283.163,792.537,199.46,324.909,1001.93,5.52832
B4-r196,SA-AT-50-5-50,F1,120,120,1,40.1602,39.9927,27.5167,645.75,39.1833,122.253,0,0,0,164.793,244.799,407.977,166.725,263.549,599.305,5.42685
B4-r196,SA-AT-50-5-50,F2,40,40,1,47.9901,47.8596,28.975,1062.3,39.125,117.643,0,0,0,231.184,283.072,345.226,225.424,289.972,423.441,6.90568
B4-r196,SA-AT-50-5-50,F3,120,120,1,53.3047,52.2419,18.525,703.975,52.4167,127.967,0.225,31.1083,2.43333,282.429,532.868,792.537,246.666,456.713,1001.93,5.17067
B4-r39,ALL,F1-F3,280,280,1,28.603,28.3962,28.2786,226.982,49.4321,76.5003,0.0107143,5.03929,1.275,32.2716,46.0991,107.379,28.9481,48.3985,409.841,1.05792
B4-r39,ALL,F1,120,120,1,27.8065,27.5983,33.1417,176.633,59.7083,74.9035,0,0,0,27.6026,37.9364,54.6341,26.0072,41.7516,409.841,1.12466
B4-r39,ALL,F2,40,40,1,30.2324,30.1663,35.875,282.525,52.175,77.4606,0,0,0,33.3067,46.591,54.4413,32.5453,47.7819,73.9169,1.38104
B4-r39,ALL,F3,120,120,1,28.8563,28.6342,20.8833,258.817,38.2417,77.7769,0.025,11.7583,2.975,39.7821,82.8326,107.379,34.559,66.0572,133.83,0.883469
B4-r39,SA-BT-50-5-50,F1-F3,280,280,1,28.603,28.3962,28.2786,226.982,49.4321,76.5003,0.0107143,5.03929,1.275,32.2716,46.0991,107.379,28.9481,48.3985,409.841,1.05792
B4-r39,SA-BT-50-5-50,F1,120,120,1,27.8065,27.5983,33.1417,176.633,59.7083,74.9035,0,0,0,27.6026,37.9364,54.6341,26.0072,41.7516,409.841,1.12466
B4-r39,SA-BT-50-5-50,F2,40,40,1,30.2324,30.1663,35.875,282.525,52.175,77.4606,0,0,0,33.3067,46.591,54.4413,32.5453,47.7819,73.9169,1.38104
B4-r39,SA-BT-50-5-50,F3,120,120,1,28.8563,28.6342,20.8833,258.817,38.2417,77.7769,0.025,11.7583,2.975,39.7821,82.8326,107.379,34.559,66.0572,133.83,0.883469
B4-r39+t0,ALL,F1-F3,280,280,1,28.7194,28.4789,28.7857,224.868,49.6929,76.462,0.00357143,5.01429,1.28214,32.4317,46.2519,904.229,29.0193,53.0664,1235.1,1.55449
B4-r39+t0,ALL,F1,120,120,1,27.902,27.7029,33.5667,173.75,59.9833,74.7404,0,0,0,27.4064,37.8385,60.0792,26.1028,42.6697,794.652,1.4664
B4-r39+t0,ALL,F2,40,40,1,30.0622,29.9772,37.825,290.7,53.075,76.9596,0,0,0,33.6137,47.0233,70.7494,32.8663,52.3495,780.691,1.88366
B4-r39+t0,ALL,F3,120,120,1,29.0892,28.7804,20.9917,254.042,38.275,78.0179,0.00833333,11.7,2.99167,38.7355,468.526,904.229,34.6059,70.7519,1235.1,1.53285
B4-r39+t0,SA-BT-50-5-50,F1-F3,280,280,1,28.7194,28.4789,28.7857,224.868,49.6929,76.462,0.00357143,5.01429,1.28214,32.4317,46.2519,904.229,29.0193,53.0664,1235.1,1.55449
B4-r39+t0,SA-BT-50-5-50,F1,120,120,1,27.902,27.7029,33.5667,173.75,59.9833,74.7404,0,0,0,27.4064,37.8385,60.0792,26.1028,42.6697,794.652,1.4664
B4-r39+t0,SA-BT-50-5-50,F2,40,40,1,30.0622,29.9772,37.825,290.7,53.075,76.9596,0,0,0,33.6137,47.0233,70.7494,32.8663,52.3495,780.691,1.88366
B4-r39+t0,SA-BT-50-5-50,F3,120,120,1,29.0892,28.7804,20.9917,254.042,38.275,78.0179,0.00833333,11.7,2.99167,38.7355,468.526,904.229,34.6059,70.7519,1235.1,1.53285
B4-r44,ALL,F1-F3,280,280,1,33.7888,32.9827,31.8143,319.057,47.8679,71.0921,0.0285714,4.84643,1.07143,37.0466,54.4739,167.947,34.377,59.7308,443.344,1.3477
B4-r44,ALL,F1,120,120,1,31.8918,31.5363,37.7167,277.592,55.875,68.8567,0,0,0,31.1719,45.544,96.922,31.2367,50.2556,443.344,1.43937
B4-r44,ALL,F2,40,40,1,36.3661,35.8235,41.875,464.725,52.425,70.8109,0,0,0,39.8168,54.8623,74.819,39.4779,58.5902,98.1966,1.82772
B4-r44,ALL,F3,120,120,1,34.8267,33.5582,22.5583,311.967,38.3417,73.4213,0.0666667,11.3083,2.5,44.3234,106.976,167.947,40.316,79.019,186.635,1.09603
B4-r44,MA-AT-50-5-50,F1-F3,280,280,1,33.7888,32.9827,31.8143,319.057,47.8679,71.0921,0.0285714,4.84643,1.07143,37.0466,54.4739,167.947,34.377,59.7308,443.344,1.3477
B4-r44,MA-AT-50-5-50,F1,120,120,1,31.8918,31.5363,37.7167,277.592,55.875,68.8567,0,0,0,31.1719,45.544,96.922,31.2367,50.2556,443.344,1.43937
B4-r44,MA-AT-50-5-50,F2,40,40,1,36.3661,35.8235,41.875,464.725,52.425,70.8109,0,0,0,39.8168,54.8623,74.819,39.4779,58.5902,98.1966,1.82772
B4-r44,MA-AT-50-5-50,F3,120,120,1,34.8267,33.5582,22.5583,311.967,38.3417,73.4213,0.0666667,11.3083,2.5,44.3234,106.976,167.947,40.316,79.019,186.635,1.09603
B4-r44+t0,ALL,F1-F3,280,280,1,33.509,32.7846,32.0714,319.707,48.0821,70.5557,0.0392857,4.76071,1.03571,37.3603,52.506,1493.24,34.5008,60.8554,1674.64,1.96974
B4-r44+t0,ALL,F1,120,120,1,31.8509,31.488,38.2167,284.325,56.4083,68.3746,0,0,0,30.2679,46.3765,72.0815,31.3535,51.6576,960.17,1.86502
B4-r44+t0,ALL,F2,40,40,1,36.1575,35.6839,41.35,468.15,52.375,70.3398,0,0,0,40.3212,53.0943,72.4718,39.7628,59.2846,991.955,2.32647
B4-r44+t0,ALL,F3,120,120,1,34.2844,33.184,22.8333,305.608,38.325,72.8089,0.0916667,11.1083,2.41667,43.5493,606.907,1493.24,39.4255,87.1227,1674.64,1.95556
B4-r44+t0,MA-AT-50-5-50,F1-F3,280,280,1,33.509,32.7846,32.0714,319.707,48.0821,70.5557,0.0392857,4.76071,1.03571,37.3603,52.506,1493.24,34.5008,60.8554,1674.64,1.96974
B4-r44+t0,MA-AT-50-5-50,F1,120,120,1,31.8509,31.488,38.2167,284.325,56.4083,68.3746,0,0,0,30.2679,46.3765,72.0815,31.3535,51.6576,960.17,1.86502
B4-r44+t0,MA-AT-50-5-50,F2,40,40,1,36.1575,35.6839,41.35,468.15,52.375,70.3398,0,0,0,40.3212,53.0943,72.4718,39.7628,59.2846,991.955,2.32647
B4-r44+t0,MA-AT-50-5-50,F3,120,120,1,34.2844,33.184,22.8333,305.608,38.325,72.8089,0.0916667,11.1083,2.41667,43.5493,606.907,1493.24,39.4255,87.1227,1674.64,1.95556
B4-r47,ALL,F1-F3,280,280,1,54.9393,52.9452,26.5893,314.35,33.6464,62.7247,0.0285714,2.31429,0.532143,38.8204,54.5021,193.256,36.2479,57.9133,399.65,1.10502
B4-r47,ALL,F1,120,120,1,50.9156,49.7731,33.875,345.6,40.9083,63.5259,0,0,0,32.9921,48.1889,67.4268,32.9023,52.3588,399.65,1.27109
B4-r47,ALL,F2,40,40,1,58.4061,57.1716,35.9,489.8,41.975,61.0917,0,0,0,40.7386,54.3195,67.0433,40.5741,57.6587,78.3371,1.54629
B4-r47,ALL,F3,120,120,1,57.8074,54.8961,16.2,224.617,23.6083,62.4678,0.0666667,5.4,1.24167,49.9928,108.022,193.256,40.9908,91.5932,207.651,0.791874
B4-r47,MA-AT-25-5-50,F1-F3,280,280,1,54.9393,52.9452,26.5893,314.35,33.6464,62.7247,0.0285714,2.31429,0.532143,38.8204,54.5021,193.256,36.2479,57.9133,399.65,1.10502
B4-r47,MA-AT-25-5-50,F1,120,120,1,50.9156,49.7731,33.875,345.6,40.9083,63.5259,0,0,0,32.9921,48.1889,67.4268,32.9023,52.3588,399.65,1.27109
B4-r47,MA-AT-25-5-50,F2,40,40,1,58.4061,57.1716,35.9,489.8,41.975,61.0917,0,0,0,40.7386,54.3195,67.0433,40.5741,57.6587,78.3371,1.54629
B4-r47,MA-AT-25-5-50,F3,120,120,1,57.8074,54.8961,16.2,224.617,23.6083,62.4678,0.0666667,5.4,1.24167,49.9928,108.022,193.256,40.9908,91.5932,207.651,0.791874
B4-r47+t0,ALL,F1-F3,280,280,1,54.8685,52.884,26.4107,309.843,33.6464,62.8337,0.0571429,2.51429,0.557143,38.7091,57.1682,1378.4,35.78,64.9988,1704.21,1.63691
B4-r47+t0,ALL,F1,120,120,1,50.7677,49.6762,33.8833,340.467,40.8417,63.8336,0,0,0,32.2633,51.9423,254.59,32.4427,53.6526,819.925,1.6164
B4-r47+t0,ALL,F2,40,40,1,59.2421,57.7167,35.45,474.725,41.425,61.7176,0,0,0,40.4119,51.4675,86.4427,39.9967,62.5333,825.716,1.9771
B4-r47+t0,ALL,F3,120,120,1,57.5114,54.6816,15.925,224.258,23.8583,62.2059,0.133333,5.86667,1.3,52.6173,796.945,1378.4,40.5328,488.167,1704.21,1.54404
B4-r47+t0,MA-AT-25-5-50,F1-F3,280,280,1,54.8685,52.884,26.4107,309.843,33.6464,62.8337,0.0571429,2.51429,0.557143,38.7091,57.1682,1378.4,35.78,64.9988,1704.21,1.63691
B4-r47+t0,MA-AT-25-5-50,F1,120,120,1,50.7677,49.6762,33.8833,340.467,40.8417,63.8336,0,0,0,32.2633,51.9423,254.59,32.4427,53.6526,819.925,1.6164
B4-r47+t0,MA-AT-25-5-50,F2,40,40,1,59.2421,57.7167,35.45,474.725,41.425,61.7176,0,0,0,40.4119,51.4675,86.4427,39.9967,62.5333,825.716,1.9771
B4-r47+t0,MA-AT-25-5-50,F3,120,120,1,57.5114,54.6816,15.925,224.258,23.8583,62.2059,0.133333,5.86667,1.3,52.6173,796.945,1378.4,40.5328,488.167,1704.21,1.54404
B4-r49,ALL,F1-F3,280,280,1,47.0993,46.2886,23.9357,752.268,44.8893,125.342,0.0928571,13.1393,1.09286,57.7635,75.4098,235.967,52.5633,90.2183,400.48,1.52956
B4-r49,ALL,F1,120,120,1,40.5174,40.3583,27.7917,680.542,39.6417,123.876,0,0,0,44.481,67.3589,102.442,44.0443,72.5702,400.48,1.5272
B4-r49,ALL,F2,40,40,1,48.1598,48.0084,28.95,1083.58,39.35,118.764,0,0,0,59.6259,75.8885,123.684,58.9193,83.7444,125.684,1.90709
B4-r49,ALL,F3,120,120,1,53.3277,52.4487,18.4083,713.558,51.9833,129.001,0.216667,30.6583,2.55,72.6136,150.435,235.967,62.36,124.757,280.719,1.40607
B4-r49,SA-AT-50-5-50,F1-F3,280,280,1,47.0993,46.2886,23.9357,752.268,44.8893,125.342,0.0928571,13.1393,1.09286,57.7635,75.4098,235.967,52.5633,90.2183,400.48,1.52956
B4-r49,SA-AT-50-5-50,F1,120,120,1,40.5174,40.3583,27.7917,680.542,39.6417,123.876,0,0,0,44.481,67.3589,102.442,44.0443,72.5702,400.48,1.5272
B4-r49,SA-AT-50-5-50,F2,40,40,1,48.1598,48.0084,28.95,1083.58,39.35,118.764,0,0,0,59.6259,75.8885,123.684,58.9193,83.7444,125.684,1.90709
B4-r49,SA-AT-50-5-50,F3,120,120,1,53.3277,52.4487,18.4083,713.558,51.9833,129.001,0.216667,30.6583,2.55,72.6136,150.435,235.967,62.36,124.757,280.719,1.40607
B4-r49+t0,ALL,F1-F3,280,280,1,47.2144,46.4001,23.8429,740.171,44.4107,124.783,0.1,12.7964,1.05357,54.4638,75.9998,1829.39,49.0798,99.5674,2236.39,2.16165
B4-r49+t0,ALL,F1,120,120,1,40.7752,40.6068,27.625,668.625,39.325,123.156,0,0,0,41.3453,63.633,249.127,41.162,68.2011,1071.57,1.87372
B4-r49+t0,ALL,F2,40,40,1,49.1007,48.9597,28.675,1076.83,38.75,119.605,0,0,0,57.413,73.1277,131.169,55.8747,92.0041,1079.62,2.38804
B4-r49+t0,ALL,F3,120,120,1,53.0248,52.0795,18.45,699.5,51.3833,128.135,0.233333,29.8583,2.45833,67.1625,767.272,1829.39,58.429,140.63,2236.39,2.37411
B4-r49+t0,SA-AT-50-5-50,F1-F3,280,280,1,47.2144,46.4001,23.8429,740.171,44.4107,124.783,0.1,12.7964,1.05357,54.4638,75.9998,1829.39,49.0798,99.5674,2236.39,2.16165
B4-r49+t0,SA-AT-50-5-50,F1,120,120,1,40.7752,40.6068,27.625,668.625,39.325,123.156,0,0,0,41.3453,63.633,249.127,41.162,68.2011,1071.57,1.87372
B4-r49+t0,SA-AT-50-5-50,F2,40,40,1,49.1007,48.9597,28.675,1076.83,38.75,119.605,0,0,0,57.413,73.1277,131.169,55.8747,92.0041,1079.62,2.38804
B4-r49+t0,SA-AT-50-5-50,F3,120,120,1,53.0248,52.0795,18.45,699.5,51.3833,128.135,0.233333,29.8583,2.45833,67.1625,767.272,1829.39,58.429,140.63,2236.39,2.37411
B4-r78,ALL,F1-F3,280,280,1,28.7404,28.5184,28.3786,220.332,49.525,76.4066,0.00357143,4.99286,1.21429,61.5387,87.664,220.225,55.8973,90.8902,423.432,1.99099
B4-r78,ALL,F1,120,120,1,27.9097,27.7097,33.3417,172.633,59.8667,74.8231,0,0,0,52.6029,73.1272,109.344,50.3616,80.5095,423.432,2.12922
B4-r78,ALL,F2,40,40,1,30.1594,30.0866,35.65,271.625,52.25,77.2818,0,0,0,64.7564,89.0499,106.728,63.13,90.5877,156.071,2.61479
B4-r78,ALL,F3,120,120,1,29.098,28.8317,20.9917,250.933,38.275,77.6983,0.00833333,11.65,2.83333,73.5442,155.544,220.225,66.6579,124.775,244.065,1.64481
B4-r78,SA-BT-50-5-50,F1-F3,280,280,1,28.7404,28.5184,28.3786,220.332,49.525,76.4066,0.00357143,4.99286,1.21429,61.5387,87.664,220.225,55.8973,90.8902,423.432,1.99099
B4-r78,SA-BT-50-5-50,F1,120,120,1,27.9097,27.7097,33.3417,172.633,59.8667,74.8231,0,0,0,52.6029,73.1272,109.344,50.3616,80.5095,423.432,2.12922
B4-r78,SA-BT-50-5-50,F2,40,40,1,30.1594,30.0866,35.65,271.625,52.25,77.2818,0,0,0,64.7564,89.0499,106.728,63.13,90.5877,156.071,2.61479
B4-r78,SA-BT-50-5-50,F3,120,120,1,29.098,28.8317,20.9917,250.933,38.275,77.6983,0.00833333,11.65,2.83333,73.5442,155.544,220.225,66.6579,124.775,244.065,1.64481
B4-r88,ALL,F1-F3,280,280,1,33.3432,32.5434,31.8714,310.696,48.1357,70.2329,0.0107143,4.89643,1.13214,72.5879,103.709,342.503,66.5797,111.532,502.564,2.55786
B4-r88,ALL,F1,120,120,1,31.5424,31.2005,37.75,272.267,56.025,68.1578,0,0,0,59.2516,88.2487,149.627,60.6668,96.2159,502.564,2.74961
B4-r88,ALL,F2,40,40,1,36.3217,35.8456,41.675,441.65,52.6,69.965,0,0,0,78.8081,104.764,129.958,77.1355,110.047,174.17,3.48802
B4-r88,ALL,F3,120,120,1,34.1511,32.8681,22.725,305.475,38.7583,72.3973,0.025,11.425,2.64167,85.247,201.926,342.503,77.2212,152.08,367.375,2.05607
B4-r88,MA-AT-50-5-50,F1-F3,280,280,1,33.3432,32.5434,31.8714,310.696,48.1357,70.2329,0.0107143,4.89643,1.13214,72.5879,103.709,342.503,66.5797,111.532,502.564,2.55786
B4-r88,MA-AT-50-5-50,F1,120,120,1,31.5424,31.2005,37.75,272.267,56.025,68.1578,0,0,0,59.2516,88.2487,149.627,60.6668,96.2159,502.564,2.74961
B4-r88,MA-AT-50-5-50,F2,40,40,1,36.3217,35.8456,41.675,441.65,52.6,69.965,0,0,0,78.8081,104.764,129.958,77.1355,110.047,174.17,3.48802
B4-r88,MA-AT-50-5-50,F3,120,120,1,34.1511,32.8681,22.725,305.475,38.7583,72.3973,0.025,11.425,2.64167,85.247,201.926,342.503,77.2212,152.08,367.375,2.05607
B4-r9,ALL,F1-F3,280,280,1,29.0296,28.8103,28.7036,241.864,49.5464,77.0758,0.00357143,5.05,1.26429,9.14134,13.1973,41.7,8.3478,14.6562,355.58,0.342947
B4-r9,ALL,F1,120,120,1,28.0176,27.8251,33.7,187.283,59.7583,75.3426,0,0,0,7.93195,11.0014,16.1493,7.5972,11.8434,355.58,0.359857
B4-r9,ALL,F2,40,40,1,30.8664,30.7803,36.775,301.775,52.125,77.5988,0,0,0,9.51957,13.6747,17.4432,9.2984,14.6538,43.8058,0.435896
B4-r9,ALL,F3,120,120,1,29.4292,29.1798,21.0167,276.475,38.475,78.6348,0.00833333,11.7833,2.95,11.2626,28.0885,41.7,9.8156,19.8255,45.6424,0.295054
B4-r9,SA-BT-50-5-50,F1-F3,280,280,1,29.0296,28.8103,28.7036,241.864,49.5464,77.0758,0.00357143,5.05,1.26429,9.14134,13.1973,41.7,8.3478,14.6562,355.58,0.342947
B4-r9,SA-BT-50-5-50,F1,120,120,1,28.0176,27.8251,33.7,187.283,59.7583,75.3426,0,0,0,7.93195,11.0014,16.1493,7.5972,11.8434,355.58,0.359857
B4-r9,SA-BT-50-5-50,F2,40,40,1,30.8664,30.7803,36.775,301.775,52.125,77.5988,0,0,0,9.51957,13.6747,17.4432,9.2984,14.6538,43.8058,0.435896
B4-r9,SA-BT-50-5-50,F3,120,120,1,29.4292,29.1798,21.0167,276.475,38.475,78.6348,0.00833333,11.7833,2.95,11.2626,28.0885,41.7,9.8156,19.8255,45.6424,0.295054
B4-r94,ALL,F1-F3,280,280,1,54.825,52.8088,26.7,311.807,33.7321,62.1971,0.0321429,2.40714,0.525,75.5486,103.547,417.098,70.2875,110.546,454.759,2.09272
B4-r94,ALL,F1,120,120,1,50.5154,49.448,34.05,344.708,40.9083,62.8504,0,0,0,64.8779,94.1581,122.24,64.2464,98.713,454.759,2.42603
B4-r94,ALL,F2,40,40,1,58.3669,56.9883,35.975,486.1,42,60.6785,0,0,0,80.262,101.618,132.72,77.7459,108.787,144.903,2.92807
B4-r94,ALL,F3,120,120,1,57.9539,54.9841,16.2583,220.808,23.8,62.0501,0.075,5.61667,1.225,96.5616,201.517,417.098,78.9973,172.531,436.67,1.48097
B4-r94,MA-AT-25-5-50,F1-F3,280,280,1,54.825,52.8088,26.7,311.807,33.7321,62.1971,0.0321429,2.40714,0.525,75.5486,103.547,417.098,70.2875,110.546,454.759,2.09272
B4-r94,MA-AT-25-5-50,F1,120,120,1,50.5154,49.448,34.05,344.708,40.9083,62.8504,0,0,0,64.8779,94.1581,122.24,64.2464,98.713,454.759,2.42603
B4-r94,MA-AT-25-5-50,F2,40,40,1,58.3669,56.9883,35.975,486.1,42,60.6785,0,0,0,80.262,101.618,132.72,77.7459,108.787,144.903,2.92807
B4-r94,MA-AT-25-5-50,F3,120,120,1,57.9539,54.9841,16.2583,220.808,23.8,62.0501,0.075,5.61667,1.225,96.5616,201.517,417.098,78.9973,172.531,436.67,1.48097
B4-r98,ALL,F1-F3,280,280,1,46.9889,46.1406,23.8286,739.879,44.7429,124.379,0.0428571,13.2357,1.05357,113.751,149.741,460.766,102.089,169.212,477.635,2.86739
B4-r98,ALL,F1,120,120,1,40.4181,40.2612,27.6417,661.483,39.3,122.955,0,0,0,83.0197,126.263,226.553,84.3918,139.971,471.148,2.83897
B4-r98,ALL,F2,40,40,1,48.4557,48.2937,28.575,1064.3,38.95,117.377,0,0,0,116.874,151.692,244.279,115.902,162.714,261.233,3.63214
B4-r98,ALL,F3,120,120,1,53.0708,52.0808,18.4333,710.133,52.1167,128.136,0.1,30.8833,2.45833,140.792,279.303,460.766,123.204,241.264,477.635,2.6409
B4-r98,SA-AT-50-5-50,F1-F3,280,280,1,46.9889,46.1406,23.8286,739.879,44.7429,124.379,0.0428571,13.2357,1.05357,113.751,149.741,460.766,102.089,169.212,477.635,2.86739
B4-r98,SA-AT-50-5-50,F1,120,120,1,40.4181,40.2612,27.6417,661.483,39.3,122.955,0,0,0,83.0197,126.263,226.553,84.3918,139.971,471.148,2.83897
B4-r98,SA-AT-50-5-50,F2,40,40,1,48.4557,48.2937,28.575,1064.3,38.95,117.377,0,0,0,116.874,151.692,244.279,115.902,162.714,261.233,3.63214
B4-r98,SA-AT-50-5-50,F3,120,120,1,53.0708,52.0808,18.4333,710.133,52.1167,128.136,0.1,30.8833,2.45833,140.792,279.303,460.766,123.204,241.264,477.635,2.6409
SPARC-L+t0,ALL,F1-F3,1120,1120,1,40.0485,38.0025,27.9857,327.322,44.0625,83.0327,0.0526786,6.13929,1.02411,13.8178,29.2005,927.935,8.5372,36.9321,1151.85,0.774523
SPARC-L+t0,ALL,F1,480,480,1,37.2186,35.9186,33.5854,294.7,49.4875,81.7656,0,0,0,6.37995,18.0781,176.854,6.15945,29.0535,976.441,0.697242
SPARC-L+t0,ALL,F2,160,160,1,42.2541,40.5257,35.9562,445.819,46.6187,80.3959,0,0,0,15.313,22.9554,56.0124,11.8554,35.5417,1008.09,0.945347
SPARC-L+t0,ALL,F3,480,480,1,42.1431,39.3548,19.7292,320.446,37.7854,85.1788,0.122917,14.325,2.38958,22.1334,228.801,927.935,14.5178,53.358,1151.85,0.794863
SPARC-L+t0,MA-AT-25-5-50,F1-F3,280,280,1,53.137,51.2996,26.8393,242.004,33.7821,61.5777,0.0142857,2.37857,0.582143,20.1808,40.2208,927.935,16.6004,45.8995,1151.85,0.945704
SPARC-L+t0,MA-AT-25-5-50,F1,120,120,1,49.7002,48.6405,34.6167,260.783,41.3083,62.4707,0,0,0,13.3578,32.5591,176.854,13.6478,39.2966,976.441,0.935661
SPARC-L+t0,MA-AT-25-5-50,F2,40,40,1,56.573,55.2178,35.6,363.725,41.5,59.4802,0,0,0,19.2051,30.7894,56.0124,18.9849,44.6691,1008.09,1.19888
SPARC-L+t0,MA-AT-25-5-50,F3,120,120,1,55.4284,52.7927,16.1417,182.65,23.6833,61.3838,0.0333333,5.55,1.35833,29.1804,328.132,927.935,20.3411,316.576,1151.85,0.871354
SPARC-L+t0,MA-AT-50-5-50,F1-F3,280,280,1,32.7475,32.0135,32.0964,241.129,48.2607,70.2549,0.0321429,4.70357,1.16786,9.19349,18.4582,447.809,6.88985,25.887,485.444,0.702571
SPARC-L+t0,MA-AT-50-5-50,F1,120,120,1,31.3443,31.0621,37.9,210.133,56.6167,67.883,0,0,0,5.4138,14.6865,42.9635,5.50265,19.4869,342.183,0.618782
SPARC-L+t0,MA-AT-50-5-50,F2,40,40,1,35.3051,34.8115,41.725,313.375,52.725,68.9446,0,0,0,10.4582,17.9109,32.3014,10.2924,23.3601,352.649,0.844184
SPARC-L+t0,MA-AT-50-5-50,F3,120,120,1,33.2982,32.0853,23.0833,248.042,38.4167,73.0636,0.075,10.975,2.725,15.7493,226.315,447.809,12.1757,37.6486,485.444,0.739155
SPARC-L+t0,SA-AT-50-5-50,F1-F3,280,280,1,46.1069,45.3625,24.2964,636.982,44.8214,124.359,0.135714,12.8464,1.16429,22.9467,34.3712,517.814,17.883,44.0831,608.005,0.915183
SPARC-L+t0,SA-AT-50-5-50,F1,120,120,1,39.9155,39.7599,28.2667,557.433,40.075,122.015,0,0,0,10.2757,28.4563,146.854,9.5915,30.867,404.729,0.763908
SPARC-L+t0,SA-AT-50-5-50,F2,40,40,1,47.3127,47.1579,29.325,885.5,39.15,116.739,0,0,0,24.1454,32.8844,43.8653,22.884,36.5994,401.403,1.08347
SPARC-L+t0,SA-AT-50-5-50,F3,120,120,1,51.8963,51.0892,18.65,633.692,51.4583,129.244,0.316667,29.975,2.71667,32.9699,275.264,517.814,26.2841,62.5307,608.005,1.01036
SPARC-L+t0,SA-BT-50-5-50,F1-F3,280,280,1,28.2025,27.9965,28.7107,189.175,49.3857,75.9389,0.0285714,4.62857,1.18214,7.01985,14.4107,327.344,5.3913,18.7583,414.892,0.534635
SPARC-L+t0,SA-BT-50-5-50,F1,120,120,1,27.9145,27.708,33.5583,150.45,59.95,74.6936,0,0,0,4.8423,10.5678,23.8905,4.6731,13.2893,340.705,0.470618
SPARC-L+t0,SA-BT-50-5-50,F2,40,40,1,29.8257,29.7554,37.175,220.675,53.1,76.4197,0,0,0,7.54336,14.9982,30.5102,7.09205,17.12,414.892,0.654856
SPARC-L+t0,SA-BT-50-5-50,F3,120,120,1,27.9494,27.7192,21.0417,217.4,37.5833,77.024,0.0666667,10.8,2.75833,12.7883,173.632,327.344,8.7194,27.925,353.373,0.558578
B4-4eq,MA-AT-50-5-200,F1-F3,280,279,0.996429,87.4751,84.3447,87.7893,3133.57,117.746,185.74,0.0821429,6.18214,1.47143,65.5276,144.107,1529.31,34.8439,177.559,1806.21,7.34829
B4-eq,MA-AT-50-5-200,F1-F3,280,279,0.996429,88.2665,85.1548,87.9786,3113.47,117.518,188.396,0.075,6.125,1.49643,35.5309,92.0266,1206.04,17.3008,117.342,1455.56,4.78137
B4-impl,MA-AT-50-5-200,F1-F3,280,279,0.996429,88.8538,85.7255,88.2107,3106.44,117.604,189.629,0.0821429,6.15,1.57857,35.4261,85.6089,1223.22,15.4232,111.27,1470.37,4.55924
B4-r12,MA-AT-50-5-200,F1-F3,280,279,0.996429,87.4751,84.3447,87.7893,3133.57,117.746,185.74,0.0821429,6.18214,1.47143,65.5276,144.107,1529.31,34.8439,177.559,1806.21,7.34829
B4-r2,MA-AT-50-5-200,F1-F3,280,279,0.996429,88.8538,85.7255,88.2107,3106.44,117.604,189.629,0.0821429,6.15,1.57857,35.4261,85.6089,1223.22,15.4232,111.27,1470.37,4.55924
B4-r3,MA-AT-50-5-200,F1-F3,280,279,0.996429,88.2665,85.1548,87.9786,3113.47,117.518,188.396,0.075,6.125,1.49643,35.5309,92.0266,1206.04,17.3008,117.342,1455.56,4.78137
B5,MA-AT-50-5-200,F1-F3,280,278,0.992857,88.3822,85.2234,87.4429,1328.25,117.743,191.671,0.0535714,5.75,1.47143,48.4405,74.9106,1004.95,29.3444,81.0494,1432.07,4.522
RL(g.),MA-AT-50-5-200,F1-F3,280,279,0.996429,90.6416,87.9033,0,0,76.875,227.713,0,5.30714,1.56071,14.3624,17.9019,25.6052,14.3677,18.3569,93.7141,14.1464
SPARC-H,MA-AT-50-5-200,F1-F3,280,279,0.996429,83.7503,80.5368,88.2036,2610.5,118.604,181.272,0.0642857,5.68929,1.45,407.856,577.884,1521.99,299.646,604.067,2114.11,32.566
SPARC-L,MA-AT-50-5-200,F1-F3,280,278,0.992857,86.9505,83.796,88.175,2587.92,118.75,189.66,0.0678571,5.99286,1.62857,46.2861,60.8775,846.885,34.4101,65.605,1454.96,4.37549
every-event,MA-AT-50-5-200,F1-F3,280,278,0.992857,84.3855,80.8772,271.421,6039.41,118.429,184.042,0.0392857,5.56786,1.5,45.0806,63.1774,957.138,33.5823,65.3502,1449.8,10.5587
greedy,MA-AT-50-5-200,F1-F3,280,276,0.985714,103.406,100.234,0,0,77.725,184.623,0,6.14286,1.44286,0.375833,1.00003,1.73681,0.399,1.02786,28.6766,0.823958
ins-only,MA-AT-50-5-200,F1-F3,280,270,0.964286,109.812,105.17,92.8786,369.675,115.461,209.545,0.0642857,6.15,1.28214,5.631,8.4176,793.429,5.2174,10.174,1269.31,1.34436
open-loop,MA-AT-50-5-200,F1-F3,280,277,0.989286,105.731,102.042,71.5821,359.982,115.018,208.725,0.075,5.91429,1.29286,5.59943,8.40025,978.571,5.0045,9.93788,1470.64,1.34283
