setting,label,n,mean,ratio_ref,ci_lo,ci_hi,wins,losses,ratio_cpsat8,it_per_s,last_improvement_frac
MA-AT-150-10-500,v2,10,36.3377,nan,nan,nan,nan,nan,0.8729,4600,0.952
MA-AT-150-10-500,alt,10,36.4265,1.0020,0.9942,1.0094,4,6,0.8747,2727,0.921
MA-AT-150-10-500,v1,10,40.2322,1.1066,1.0939,1.1205,0,10,0.9658,5218,0.972
MA-AT-150-5-500,v2,10,45.5101,nan,nan,nan,nan,nan,0.9086,4386,0.966
MA-AT-150-5-500,alt,10,45.5806,1.0017,0.9978,1.0065,5,5,0.9102,2558,0.933
MA-AT-150-5-500,v1,10,51.5539,1.1208,1.0923,1.1482,0,10,1.0194,5012,0.998
MA-AT-25-5-50,v2,20,35.9342,nan,nan,nan,nan,nan,0.8996,10329,0.469
MA-AT-25-5-50,no-init,20,35.8538,0.9958,0.9871,1.0039,11,9,0.8958,10102,0.500
MA-AT-25-5-50,no-resort,20,36.1811,1.0093,1.0012,1.0179,6,14,0.9076,10594,0.500
MA-AT-25-5-50,alt,20,36.0026,1.0016,0.9947,1.0083,9,11,0.9009,5361,0.595
MA-AT-25-5-50,v1,20,36.1760,1.0065,0.9979,1.0155,9,11,0.9053,10984,0.565
MA-AT-25-5-50,v1-p1,20,36.1822,1.0089,0.9983,1.0194,8,12,0.9073,7392,0.626
MA-AT-50-5-200,v2,20,51.6944,nan,nan,nan,nan,nan,0.9075,8535,0.874
MA-AT-50-5-200,no-init,20,53.7278,1.0345,1.0220,1.0468,3,17,0.9389,8206,0.946
MA-AT-50-5-200,no-resort,20,53.0746,1.0288,1.0218,1.0365,0,20,0.9334,9239,0.921
MA-AT-50-5-200,alt,20,51.9667,1.0060,1.0017,1.0101,6,14,0.9129,5103,0.851
MA-AT-50-5-200,v1,20,57.3867,1.1064,1.0903,1.1229,0,20,1.0041,9487,0.965
MA-AT-50-5-200,v1-p1,20,58.8693,1.1334,1.1178,1.1493,0,20,1.0286,4117,0.984
MA-AT-50-5-50,v2,20,20.5538,nan,nan,nan,nan,nan,0.9150,9505,0.528
MA-AT-50-5-50,no-init,20,20.5347,0.9993,0.9924,1.0064,10,10,0.9143,9183,0.641
MA-AT-50-5-50,no-resort,20,20.7754,1.0103,1.0017,1.0189,4,15,0.9244,9854,0.593
MA-AT-50-5-50,alt,20,20.4851,0.9967,0.9894,1.0043,11,9,0.9121,4414,0.518
MA-AT-50-5-50,v1,20,20.7178,1.0083,0.9992,1.0177,6,12,0.9225,9953,0.798
MA-AT-50-5-50,v1-p1,20,20.7687,1.0093,1.0032,1.0153,5,14,0.9236,6861,0.647
SA-AT-50-5-50,v2,20,28.5565,nan,nan,nan,nan,nan,0.9489,7970,0.752
SA-AT-50-5-50,no-init,20,28.7723,1.0069,0.9965,1.0176,8,12,0.9552,7542,0.754
SA-AT-50-5-50,no-resort,20,29.0009,1.0155,1.0082,1.0229,3,17,0.9635,8520,0.837
SA-AT-50-5-50,alt,20,28.3809,0.9933,0.9859,1.0005,13,7,0.9423,3626,0.719
SA-AT-50-5-50,v1,20,29.3261,1.0267,1.0174,1.0357,2,18,0.9741,8662,0.886
SA-AT-50-5-50,v1-p1,20,29.7458,1.0413,1.0292,1.0542,2,18,0.9879,4902,0.910
SA-BT-25-5-50,v2,20,27.4424,nan,nan,nan,nan,nan,0.9298,14520,0.504
SA-BT-25-5-50,no-init,20,27.4258,0.9995,0.9898,1.0097,12,8,0.9292,14109,0.467
SA-BT-25-5-50,no-resort,20,27.6514,1.0072,0.9979,1.0160,5,14,0.9363,14616,0.604
SA-BT-25-5-50,alt,20,27.3954,0.9980,0.9876,1.0089,10,10,0.9277,8028,0.589
SA-BT-25-5-50,v1,20,27.5879,1.0052,0.9975,1.0127,6,13,0.9345,15409,0.636
SA-BT-25-5-50,v1-p1,20,27.5960,1.0056,0.9938,1.0170,8,12,0.9348,10024,0.710
SA-BT-50-5-50,v2,20,17.6137,nan,nan,nan,nan,nan,0.9690,12985,0.342
SA-BT-50-5-50,no-init,20,17.6053,0.9994,0.9952,1.0041,9,5,0.9684,12622,0.400
SA-BT-50-5-50,no-resort,20,17.6908,1.0042,0.9990,1.0094,3,10,0.9730,13109,0.499
SA-BT-50-5-50,alt,20,17.5287,0.9951,0.9879,1.0021,11,6,0.9642,6310,0.350
SA-BT-50-5-50,v1,20,17.7475,1.0073,1.0007,1.0141,6,12,0.9760,13488,0.480
SA-BT-50-5-50,v1-p1,20,17.5958,0.9986,0.9937,1.0041,9,7,0.9676,9489,0.552
