setting,label,workers,budget_s,n,mean,ratio,ci_lo,ci_hi,wins,losses
MA-AT-150-10-500,v1,1,0.5,20,47.0903,1.0603,1.0446,1.0784,0,20
MA-AT-150-10-500,v1,1,1.0,20,46.9890,1.0581,1.0410,1.0777,0,20
MA-AT-150-10-500,v1,1,2.0,20,46.8921,1.0556,1.0385,1.0755,0,20
MA-AT-150-10-500,v1,1,5.0,20,46.5450,1.0480,1.0327,1.0660,0,20
MA-AT-150-10-500,v1,1,560.2,10,40.2322,0.9275,0.9137,0.9427,10,0
MA-AT-150-10-500,v2,1,0.5,20,41.9534,0.9469,0.9403,0.9535,20,0
MA-AT-150-10-500,v2,1,1.0,20,41.5974,0.9388,0.9311,0.9463,20,0
MA-AT-150-10-500,v2,1,2.0,20,41.2722,0.9315,0.9229,0.9399,20,0
MA-AT-150-10-500,v2,1,5.0,20,40.8505,0.9221,0.9121,0.9319,20,0
MA-AT-150-10-500,v2,1,560.2,10,36.3377,0.8384,0.8219,0.8536,10,0
MA-AT-150-10-500,v2,8,0.5,20,41.8472,0.9444,0.9373,0.9516,20,0
MA-AT-150-10-500,v2,8,1.0,20,41.4989,0.9364,0.9283,0.9446,20,0
MA-AT-150-10-500,v2,8,2.0,20,41.0857,0.9275,0.9191,0.9355,20,0
MA-AT-150-10-500,v2,8,5.0,20,40.3515,0.9106,0.9005,0.9206,20,0
MA-AT-150-10-500,v2,8,560.2,10,36.1046,0.8328,0.8183,0.8477,10,0
MA-AT-150-5-500,v1,1,0.5,20,58.0444,1.0886,1.0579,1.1184,3,17
MA-AT-150-5-500,v1,1,1.0,20,57.8365,1.0842,1.0518,1.1158,3,17
MA-AT-150-5-500,v1,1,2.0,20,57.6688,1.0809,1.0485,1.1123,3,17
MA-AT-150-5-500,v1,1,5.0,20,57.5369,1.0781,1.0451,1.1099,3,17
MA-AT-150-5-500,v1,1,560.5,10,51.5539,0.9815,0.9286,1.0318,5,5
MA-AT-150-5-500,v2,1,0.5,20,50.5174,0.9545,0.9452,0.9634,20,0
MA-AT-150-5-500,v2,1,1.0,20,50.2001,0.9478,0.9367,0.9586,20,0
MA-AT-150-5-500,v2,1,2.0,20,49.7668,0.9404,0.9307,0.9499,20,0
MA-AT-150-5-500,v2,1,5.0,20,49.2760,0.9316,0.9208,0.9422,20,0
MA-AT-150-5-500,v2,1,560.5,10,45.5101,0.8744,0.8468,0.9026,10,0
MA-AT-150-5-500,v2,8,0.5,20,50.4613,0.9533,0.9439,0.9625,20,0
MA-AT-150-5-500,v2,8,1.0,20,50.0539,0.9453,0.9341,0.9560,20,0
MA-AT-150-5-500,v2,8,2.0,20,49.5228,0.9360,0.9259,0.9459,20,0
MA-AT-150-5-500,v2,8,5.0,20,48.9963,0.9260,0.9147,0.9369,20,0
MA-AT-150-5-500,v2,8,560.5,10,44.8847,0.8629,0.8365,0.8893,10,0
MA-AT-25-5-50,v1,1,0.5,20,39.0152,0.9559,0.9438,0.9688,18,2
MA-AT-25-5-50,v1,1,1.0,20,38.0281,0.9330,0.9195,0.9466,20,0
MA-AT-25-5-50,v1,1,2.0,20,37.3064,0.9140,0.9003,0.9275,20,0
MA-AT-25-5-50,v1,1,5.0,20,36.6754,0.8981,0.8877,0.9087,20,0
MA-AT-25-5-50,v1,1,16.34,20,36.1760,0.8846,0.8724,0.8964,20,0
MA-AT-25-5-50,v1,8,16.34,10,36.5296,0.8622,0.8459,0.8781,10,0
MA-AT-25-5-50,v2,1,0.5,20,37.9242,0.9289,0.9228,0.9347,20,0
MA-AT-25-5-50,v2,1,1.0,20,37.2640,0.9133,0.9052,0.9207,20,0
MA-AT-25-5-50,v2,1,2.0,20,36.6820,0.8974,0.8873,0.9069,20,0
MA-AT-25-5-50,v2,1,5.0,20,36.2802,0.8876,0.8768,0.8975,20,0
MA-AT-25-5-50,v2,1,16.34,20,35.9342,0.8789,0.8685,0.8887,20,0
MA-AT-25-5-50,v2,8,0.5,20,36.9957,0.9064,0.8961,0.9157,20,0
MA-AT-25-5-50,v2,8,1.0,20,36.4823,0.8947,0.8861,0.9029,20,0
MA-AT-25-5-50,v2,8,2.0,20,35.9025,0.8785,0.8685,0.8883,20,0
MA-AT-25-5-50,v2,8,5.0,20,35.4489,0.8670,0.8574,0.8766,20,0
MA-AT-25-5-50,v2,8,16.34,10,36.6842,0.8657,0.8493,0.8817,10,0
MA-AT-50-5-200,v1,1,0.5,20,64.6187,1.1098,1.0893,1.1319,0,20
MA-AT-50-5-200,v1,1,1.0,20,63.8375,1.0959,1.0743,1.1175,0,20
MA-AT-50-5-200,v1,1,2.0,20,63.6308,1.0919,1.0711,1.1131,0,20
MA-AT-50-5-200,v1,1,5.0,20,62.0953,1.0649,1.0444,1.0856,2,18
MA-AT-50-5-200,v1,1,75.2,20,57.3867,0.9830,0.9617,1.0032,13,7
MA-AT-50-5-200,v1,8,75.2,10,57.0666,0.9368,0.9096,0.9605,10,0
MA-AT-50-5-200,v2,1,0.5,20,55.3368,0.9520,0.9445,0.9590,20,0
MA-AT-50-5-200,v2,1,1.0,20,54.9412,0.9453,0.9387,0.9519,20,0
MA-AT-50-5-200,v2,1,2.0,20,54.3798,0.9362,0.9295,0.9430,20,0
MA-AT-50-5-200,v2,1,5.0,20,53.6543,0.9224,0.9115,0.9332,20,0
MA-AT-50-5-200,v2,1,75.2,20,51.6944,0.8883,0.8774,0.8993,20,0
MA-AT-50-5-200,v2,8,0.5,20,55.3676,0.9516,0.9439,0.9583,20,0
MA-AT-50-5-200,v2,8,1.0,20,54.1729,0.9317,0.9228,0.9404,20,0
MA-AT-50-5-200,v2,8,2.0,20,53.1888,0.9153,0.9064,0.9242,20,0
MA-AT-50-5-200,v2,8,5.0,20,52.5743,0.9036,0.8942,0.9129,20,0
MA-AT-50-5-200,v2,8,75.2,10,53.0910,0.8729,0.8605,0.8860,10,0
MA-AT-50-5-50,v1,1,0.5,20,22.4257,0.9469,0.9284,0.9643,18,2
MA-AT-50-5-50,v1,1,1.0,20,21.8810,0.9240,0.9069,0.9410,19,1
MA-AT-50-5-50,v1,1,2.0,20,21.7350,0.9183,0.9011,0.9345,20,0
MA-AT-50-5-50,v1,1,5.0,20,21.2263,0.8969,0.8827,0.9102,20,0
MA-AT-50-5-50,v1,1,23.43,20,20.7178,0.8757,0.8625,0.8888,20,0
MA-AT-50-5-50,v1,8,23.43,10,20.4174,0.8623,0.8455,0.8782,10,0
MA-AT-50-5-50,v2,1,0.5,20,21.7969,0.9213,0.9098,0.9326,20,0
MA-AT-50-5-50,v2,1,1.0,20,21.4239,0.9054,0.8932,0.9169,20,0
MA-AT-50-5-50,v2,1,2.0,20,21.1866,0.8957,0.8831,0.9074,20,0
MA-AT-50-5-50,v2,1,5.0,20,20.8215,0.8806,0.8696,0.8917,20,0
MA-AT-50-5-50,v2,1,23.43,20,20.5538,0.8686,0.8572,0.8798,20,0
MA-AT-50-5-50,v2,8,0.5,20,21.3346,0.9017,0.8893,0.9139,20,0
MA-AT-50-5-50,v2,8,1.0,20,20.9874,0.8870,0.8751,0.8982,20,0
MA-AT-50-5-50,v2,8,2.0,20,20.7613,0.8774,0.8641,0.8901,20,0
MA-AT-50-5-50,v2,8,5.0,20,20.4150,0.8633,0.8520,0.8746,20,0
MA-AT-50-5-50,v2,8,23.43,10,20.2464,0.8542,0.8321,0.8740,10,0
SA-AT-50-5-50,v1,1,0.5,20,32.9908,1.0553,1.0448,1.0659,0,20
SA-AT-50-5-50,v1,1,1.0,20,32.1957,1.0302,1.0141,1.0449,2,18
SA-AT-50-5-50,v1,1,2.0,20,31.5001,1.0079,0.9963,1.0185,7,13
SA-AT-50-5-50,v1,1,5.0,20,30.7182,0.9824,0.9713,0.9941,17,3
SA-AT-50-5-50,v1,1,29.8,20,29.3261,0.9383,0.9298,0.9461,20,0
SA-AT-50-5-50,v1,8,29.8,10,29.1277,0.9127,0.9057,0.9195,10,0
SA-AT-50-5-50,v2,1,0.5,20,30.4995,0.9765,0.9679,0.9849,18,2
SA-AT-50-5-50,v2,1,1.0,20,30.0570,0.9623,0.9557,0.9693,19,1
SA-AT-50-5-50,v2,1,2.0,20,29.7335,0.9518,0.9455,0.9582,20,0
SA-AT-50-5-50,v2,1,5.0,20,29.2383,0.9358,0.9309,0.9407,20,0
SA-AT-50-5-50,v2,1,29.8,20,28.5565,0.9140,0.9086,0.9195,20,0
SA-AT-50-5-50,v2,8,0.5,20,29.7593,0.9526,0.9433,0.9625,19,1
SA-AT-50-5-50,v2,8,1.0,20,29.3811,0.9401,0.9334,0.9474,20,0
SA-AT-50-5-50,v2,8,2.0,20,28.9953,0.9279,0.9221,0.9337,20,0
SA-AT-50-5-50,v2,8,5.0,20,28.5910,0.9154,0.9067,0.9232,20,0
SA-AT-50-5-50,v2,8,29.8,10,28.5016,0.8937,0.8866,0.9007,10,0
SA-BT-25-5-50,v1,1,0.5,20,29.5279,0.9759,0.9653,0.9858,19,1
SA-BT-25-5-50,v1,1,1.0,20,28.9312,0.9567,0.9490,0.9642,20,0
SA-BT-25-5-50,v1,1,2.0,20,28.5569,0.9440,0.9346,0.9532,20,0
SA-BT-25-5-50,v1,1,5.0,20,27.8565,0.9209,0.9120,0.9286,20,0
SA-BT-25-5-50,v1,1,13.45,20,27.5879,0.9118,0.9056,0.9182,20,0
SA-BT-25-5-50,v1,8,13.45,10,27.3082,0.8921,0.8817,0.9000,10,0
SA-BT-25-5-50,v2,1,0.5,20,28.8215,0.9526,0.9452,0.9589,20,0
SA-BT-25-5-50,v2,1,1.0,20,28.4648,0.9408,0.9345,0.9464,20,0
SA-BT-25-5-50,v2,1,2.0,20,28.0110,0.9257,0.9188,0.9316,20,0
SA-BT-25-5-50,v2,1,5.0,20,27.7368,0.9163,0.9076,0.9253,20,0
SA-BT-25-5-50,v2,1,13.45,20,27.4424,0.9072,0.9007,0.9133,20,0
SA-BT-25-5-50,v2,8,0.5,20,28.2206,0.9326,0.9241,0.9403,20,0
SA-BT-25-5-50,v2,8,1.0,20,27.7741,0.9180,0.9092,0.9257,20,0
SA-BT-25-5-50,v2,8,2.0,20,27.4502,0.9072,0.9006,0.9134,20,0
SA-BT-25-5-50,v2,8,5.0,20,27.2264,0.9000,0.8931,0.9062,20,0
SA-BT-25-5-50,v2,8,13.45,10,27.2530,0.8902,0.8800,0.8994,10,0
SA-BT-50-5-50,v1,1,0.5,20,18.4075,0.9422,0.9338,0.9501,20,0
SA-BT-50-5-50,v1,1,1.0,20,18.2672,0.9354,0.9271,0.9438,20,0
SA-BT-50-5-50,v1,1,2.0,20,18.1110,0.9273,0.9181,0.9368,20,0
SA-BT-50-5-50,v1,1,5.0,20,17.8597,0.9144,0.9059,0.9229,20,0
SA-BT-50-5-50,v1,1,19.14,20,17.7475,0.9087,0.8991,0.9175,20,0
SA-BT-50-5-50,v1,8,19.14,10,17.3556,0.8984,0.8874,0.9098,10,0
SA-BT-50-5-50,v2,1,0.5,20,18.3066,0.9371,0.9291,0.9455,20,0
SA-BT-50-5-50,v2,1,1.0,20,18.0677,0.9250,0.9182,0.9319,20,0
SA-BT-50-5-50,v2,1,2.0,20,17.9043,0.9167,0.9095,0.9251,20,0
SA-BT-50-5-50,v2,1,5.0,20,17.7834,0.9105,0.9042,0.9169,20,0
SA-BT-50-5-50,v2,1,19.14,20,17.6137,0.9021,0.8940,0.9104,20,0
SA-BT-50-5-50,v2,8,0.5,20,17.9303,0.9180,0.9108,0.9263,20,0
SA-BT-50-5-50,v2,8,1.0,20,17.7646,0.9096,0.9029,0.9163,20,0
SA-BT-50-5-50,v2,8,2.0,20,17.6400,0.9033,0.8943,0.9120,20,0
SA-BT-50-5-50,v2,8,5.0,20,17.5397,0.8983,0.8896,0.9071,20,0
SA-BT-50-5-50,v2,8,19.14,10,17.2470,0.8928,0.8828,0.9046,10,0
