trial_id,opt_minmax,opt_minsum
0,21,51
1,16,40
2,20,46
3,20,48
4,22,35
5,17,43
6,20,45
7,16,42
8,22,55
9,22,58
10,21,47
11,20,55
12,21,61
13,19,51
14,20,51
15,21,49
16,20,46
17,23,52
18,19,51
19,20,48
20,17,49
21,19,43
22,20,41
23,21,51
24,20,52
25,21,45
26,22,48
27,15,32
28,21,53
29,20,55
30,20,46
31,20,52
32,22,52
33,20,53
34,18,34
35,20,47
36,20,43
37,19,46
38,20,45
39,20,54
40,20,50
41,20,52
42,21,56
43,21,50
44,20,53
45,20,51
46,21,54
47,21,48
48,20,47
49,20,51
50,19,45
51,20,54
52,21,45
53,21,55
54,22,65
55,21,46
56,19,49
57,19,47
58,19,50
59,20,51
60,22,55
61,21,45
62,22,42
63,22,50
64,17,43
65,18,44
66,21,46
67,20,52
68,20,50
69,16,39
70,17,49
71,22,52
72,22,60
73,17,45
74,17,50
75,15,43
76,21,55
77,20,56
78,19,47
79,19,54
80,23,63
81,19,46
82,19,43
83,21,51
84,21,50
85,18,55
86,20,48
87,20,45
88,22,54
89,22,49
90,19,52
91,19,54
92,20,49
93,20,52
94,19,42
95,20,52
96,19,48
97,20,45
98,18,45
99,20,50
100,20,49
101,21,50
102,18,48
103,15,36
104,18,46
105,20,54
106,22,53
107,16,44
108,20,45
109,21,48
110,21,54
111,21,53
112,22,52
113,22,59
114,21,50
115,20,48
116,18,53
117,21,51
118,19,44
119,19,52
120,19,49
121,18,51
122,22,59
123,21,63
124,21,52
125,17,45
126,21,39
127,20,54
128,21,41
129,20,42
130,19,52
131,19,55
132,20,53
133,19,45
134,20,57
135,17,45
136,19,55
137,19,49
138,17,51
139,19,51
140,22,60
141,20,55
142,23,49
143,21,57
144,19,51
145,19,50
146,21,50
147,20,54
148,17,38
149,21,45
150,23,52
151,19,50
152,19,48
153,21,39
154,18,56
155,19,46
156,19,47
157,21,55
158,22,46
159,21,49
160,20,50
161,23,57
162,18,48
163,18,50
164,23,62
165,18,48
166,21,46
167,23,53
168,19,45
169,18,37
170,23,52
171,20,52
172,23,49
173,22,51
174,20,55
175,18,54
176,19,54
177,17,38
178,21,60
179,20,49
180,21,50
181,21,58
182,21,49
183,17,48
184,20,42
185,21,54
186,18,45
187,21,48
188,17,44
189,21,56
190,20,57
191,21,53
192,19,51
193,20,58
194,21,60
195,20,55
196,15,40
197,19,53
198,22,53
199,19,52
200,21,56
201,21,61
202,19,52
203,18,53
204,22,56
205,21,54
206,17,45
207,17,53
208,18,45
209,13,37
210,17,45
211,19,45
212,18,49
213,22,54
214,22,50
215,20,53
216,19,47
217,21,50
218,20,47
219,21,51
220,17,41
221,20,52
222,19,47
223,20,48
224,22,52
225,21,56
226,21,53
227,19,50
228,20,54
229,22,47
230,21,50
231,22,51
232,21,52
233,19,49
234,19,49
235,18,54
236,16,47
237,21,48
238,18,40
239,16,46
240,21,53
241,19,49
242,22,54
243,21,50
244,21,50
245,21,54
246,19,44
247,21,47
248,19,52
249,16,44
250,18,51
251,22,54
252,18,48
253,19,50
254,18,46
255,19,61
256,17,48
257,20,60
258,22,52
259,20,46
260,19,53
261,17,43
262,20,43
263,18,51
264,14,42
265,22,53
266,21,52
267,19,47
268,21,48
269,22,53
270,18,48
271,19,47
272,18,50
273,20,52
274,18,43
275,22,47
276,20,47
277,18,44
278,19,43
279,17,46
280,18,50
281,19,47
282,20,52
283,20,52
284,19,50
285,20,49
286,19,45
287,15,41
288,20,56
289,19,45
290,20,43
291,20,40
292,21,57
293,20,46
294,18,47
295,20,54
296,19,50
297,23,50
298,20,57
299,21,49
300,21,67
301,20,48
302,21,40
303,17,40
304,15,36
305,21,58
306,20,53
307,21,49
308,21,57
309,20,52
310,21,56
311,17,47
312,19,51
313,21,55
314,19,43
315,18,50
316,21,50
317,20,42
318,23,48
319,17,42
320,21,52
321,15,41
322,18,47
323,19,43
324,14,49
325,22,49
326,20,47
327,18,45
328,19,53
329,21,51
330,20,42
331,20,45
332,20,45
333,21,46
334,19,51
335,21,52
336,20,52
337,21,53
338,21,55
339,16,41
340,19,51
341,17,48
342,17,39
343,19,53
344,20,53
345,22,51
346,19,48
347,20,54
348,16,37
349,21,57
350,22,62
351,18,39
352,17,45
353,18,50
354,19,44
355,21,56
356,20,47
357,19,46
358,21,57
359,23,58
360,17,44
361,19,50
362,21,53
363,20,47
364,21,54
365,20,54
366,21,58
367,20,50
368,19,42
369,19,42
370,21,43
371,20,42
372,23,54
373,17,46
374,20,45
375,17,48
376,19,45
377,20,52
378,19,51
379,22,55
380,19,54
381,21,55
382,21,43
383,19,47
384,21,47
385,19,56
386,21,52
387,19,50
388,21,47
389,17,45
390,21,57
391,19,45
392,21,54
393,21,52
394,18,52
395,20,51
396,21,51
397,23,51
398,20,54
399,18,45
400,18,38
401,21,56
402,18,41
403,18,51
404,19,50
405,19,43
406,18,47
407,19,47
408,17,49
409,18,49
410,22,56
411,20,47
412,20,48
413,20,50
414,20,56
415,17,46
416,21,55
417,19,49
418,20,50
419,22,44
420,21,47
421,22,55
422,19,52
423,17,45
424,19,47
425,16,44
426,18,53
427,18,39
428,21,58
429,16,39
430,20,56
431,19,47
432,20,46
433,19,50
434,21,55
435,20,48
436,18,43
437,21,51
438,20,49
439,20,54
440,16,39
441,18,45
442,20,55
443,18,50
444,17,47
445,18,37
446,20,44
447,23,50
448,22,50
449,22,54
450,23,57
451,21,57
452,21,48
453,20,37
454,19,44
455,16,39
456,21,42
457,18,51
458,16,49
459,19,50
460,20,57
461,18,44
462,20,45
463,20,63
464,19,48
465,19,48
466,19,50
467,18,49
468,21,42
469,22,59
470,18,37
471,17,37
472,22,43
473,21,49
474,21,52
475,21,52
476,21,51
477,19,50
478,20,38
479,20,52
480,21,61
481,20,50
482,18,46
483,20,45
484,19,51
485,19,51
486,17,51
487,18,47
488,19,50
489,21,44
490,21,55
491,20,54
492,18,45
493,21,55
494,20,46
495,20,54
496,21,58
497,22,57
498,16,44
499,20,51
