budget,budget_s,cores,cpu_s,mean_makespan,method,n,n_samples,setting,success,wall_s
B1,19.14,1,19.14105356779997,17.637792145836737,ALNS-1,20,nan,SA-BT-50-5-50,1.0,19.141613011504525
B1,19.14,8,153.03055276945003,17.514665982197315,ALNS-8,20,nan,SA-BT-50-5-50,1.0,19.189851377881133
B1,19.14,8,84.27030330459998,18.187250994181674,CPSAT-8,20,nan,SA-BT-50-5-50,1.0,19.19334424007684
B1,19.14,1,18.819568187649953,22.923930128911074,RL-1,20,19.85,SA-BT-50-5-50,1.0,18.820701621635816
B1,19.14,8,149.7497174779001,22.400787595087042,RL-8,20,157.85,SA-BT-50-5-50,1.0,19.117916848836465
B1,19.14,8,151.2898506703999,17.53160848510388,RL64+ALNS-8,20,64.0,SA-BT-50-5-50,1.0,19.181911553256214
B1,19.14,1,0.17224251430000095,26.891464720512637,greedy,20,nan,SA-BT-50-5-50,1.0,0.17220686527434736
B2,38.28,1,38.282392165300074,17.612081628489886,ALNS-1,20,nan,SA-BT-50-5-50,1.0,38.28168196890037
B2,38.28,8,306.1357637812499,17.500045984627526,ALNS-8,20,nan,SA-BT-50-5-50,1.0,38.3316464693984
B2,38.28,8,173.12614031459998,17.994527191646434,CPSAT-8,20,nan,SA-BT-50-5-50,1.0,38.34453289580997
B2,38.28,1,38.059058392349996,22.70301129539181,RL-1,20,42.2,SA-BT-50-5-50,1.0,38.06683555520139
B2,38.28,8,304.21998610145,22.203427451424282,RL-8,20,337.15,SA-BT-50-5-50,1.0,38.65334778453689
B2,38.28,8,304.1716118646499,17.517131005742147,RL64+ALNS-8,20,64.0,SA-BT-50-5-50,1.0,38.32020084576216
B2,38.28,1,0.17224251430000095,26.891464720512637,greedy,20,nan,SA-BT-50-5-50,1.0,0.17220686527434736
B1,29.8,1,29.802845773350008,29.55466486262315,ALNS-1,20,nan,SA-AT-50-5-50,1.0,29.802755738073028
B1,29.8,8,238.24989876470005,28.753485273135606,ALNS-8,20,nan,SA-AT-50-5-50,1.0,29.846738279005514
B1,29.8,8,170.6143484578499,30.11734300879217,CPSAT-8,20,nan,SA-AT-50-5-50,1.0,29.86436223203782
B1,29.8,1,29.260347953549967,37.03155912986675,RL-1,20,18.1,SA-AT-50-5-50,1.0,29.261497684079224
B1,29.8,8,234.42786629150018,36.52067666731068,RL-8,20,145.85,SA-AT-50-5-50,1.0,29.78114247494377
B1,29.8,8,235.78536184010005,29.262511082226467,RL64+ALNS-8,20,64.0,SA-AT-50-5-50,1.0,29.84514248040505
B1,29.8,1,0.29346446094994005,46.77145155787368,greedy,20,nan,SA-AT-50-5-50,1.0,0.2933991194702685
B2,59.6,1,59.604184671499965,29.221115195179085,ALNS-1,20,nan,SA-AT-50-5-50,1.0,59.60296395043842
B2,59.6,8,476.7445297179,28.516159107655096,ALNS-8,20,nan,SA-AT-50-5-50,1.0,59.64726663338952
B2,59.6,8,357.1202669311,30.055658501869594,CPSAT-8,20,nan,SA-AT-50-5-50,1.0,59.665655541815795
B2,59.6,1,59.01199666879999,37.02454142419526,RL-1,20,38.65,SA-AT-50-5-50,1.0,59.01443625695538
B2,59.6,8,472.1012658920499,36.206575459566935,RL-8,20,309.5,SA-AT-50-5-50,1.0,60.04292727310676
B2,59.6,8,473.8957713849001,28.563537298146496,RL64+ALNS-8,20,64.0,SA-AT-50-5-50,1.0,59.63514674359467
B2,59.6,1,0.29346446094994005,46.77145155787368,greedy,20,nan,SA-AT-50-5-50,1.0,0.2933991194702685
B1,16.34,1,16.34307427069994,36.14816706863405,ALNS-1,20,nan,MA-AT-25-5-50,1.0,16.342415035609157
B1,16.34,8,130.63830429405002,35.51500404973333,ALNS-8,20,nan,MA-AT-25-5-50,1.0,16.38802124047652
B1,16.34,8,95.60898624884994,39.806976670237404,CPSAT-8,20,nan,MA-AT-25-5-50,1.0,16.378595162346027
B1,16.34,1,15.984182278699995,48.31940485518057,RL-1,20,20.05,MA-AT-25-5-50,1.0,15.985171822598204
B1,16.34,8,128.0104086311998,47.25289202333581,RL-8,20,158.85,MA-AT-25-5-50,1.0,16.306394935282878
B1,16.34,8,129.06192245165013,35.6918723785591,RL64+ALNS-8,20,64.0,MA-AT-25-5-50,1.0,16.381492619821802
B1,16.34,1,0.13443102489998182,93.8865293836695,greedy,20,nan,MA-AT-25-5-50,0.8,0.1343363479943946
B2,32.68,1,32.68390957929991,36.013095344847315,ALNS-1,20,nan,MA-AT-25-5-50,1.0,32.6824557691114
B2,32.68,8,261.32707412995,35.45731497842657,ALNS-8,20,nan,MA-AT-25-5-50,1.0,32.72316701333038
B2,32.68,8,200.90157440590008,38.99205081471534,CPSAT-8,20,nan,MA-AT-25-5-50,1.0,32.70890830673743
B2,32.68,1,32.66786190594992,48.156981567102946,RL-1,20,43.05,MA-AT-25-5-50,1.0,32.67857066232246
B2,32.68,8,260.76815898694997,46.474814422190974,RL-8,20,345.0,MA-AT-25-5-50,1.0,32.950257358001544
B2,32.68,8,260.14130758064994,35.596482791804036,RL64+ALNS-8,20,64.0,MA-AT-25-5-50,1.0,32.72543989592232
B2,32.68,1,0.13443102489998182,93.8865293836695,greedy,20,nan,MA-AT-25-5-50,0.8,0.1343363479943946
B1,23.43,1,23.432385345449962,20.830636765692027,ALNS-1,20,nan,MA-AT-50-5-50,1.0,23.43172645100858
B1,23.43,8,187.3652444177,20.47483775680301,ALNS-8,20,nan,MA-AT-50-5-50,1.0,23.473352952161804
B1,23.43,8,126.02128284025005,22.432603453805704,CPSAT-8,20,nan,MA-AT-50-5-50,1.0,23.502486248500645
B1,23.43,1,23.01005118349992,28.35856397841777,RL-1,20,18.65,MA-AT-50-5-50,1.0,23.011208219570108
B1,23.43,8,183.95269808045006,27.684157922185722,RL-8,20,148.0,MA-AT-50-5-50,1.0,23.448381947772578
B1,23.43,8,184.48281150924996,20.550989217811974,RL64+ALNS-8,20,64.0,MA-AT-50-5-50,1.0,23.47133647517767
B1,23.43,1,0.2504757352999832,33.098230186255826,greedy,20,nan,MA-AT-50-5-50,1.0,0.2504370066802949
B2,46.86,1,46.863273007450076,20.664047101073564,ALNS-1,20,nan,MA-AT-50-5-50,1.0,46.862107627745715
B2,46.86,8,374.80534379259996,20.364724858840415,ALNS-8,20,nan,MA-AT-50-5-50,1.0,46.902920706686565
B2,46.86,8,258.07253962405,22.219144832888823,CPSAT-8,20,nan,MA-AT-50-5-50,1.0,46.92580128605478
B2,46.86,1,46.35895686999997,28.11936346840011,RL-1,20,39.65,MA-AT-50-5-50,1.0,46.36382498680614
B2,46.86,8,371.34842111505003,27.23056795850429,RL-8,20,310.9,MA-AT-50-5-50,1.0,47.26593467395287
B2,46.86,8,372.87100556565014,20.422959835938805,RL64+ALNS-8,20,64.0,MA-AT-50-5-50,1.0,46.9011172974715
B2,46.86,1,0.2504757352999832,33.098230186255826,greedy,20,nan,MA-AT-50-5-50,1.0,0.2504370066802949
B1,75.2,1,75.20536289614995,58.478377130259716,ALNS-1,20,nan,MA-AT-50-5-200,1.0,75.20426986217498
B1,75.2,8,601.5258595872999,56.10575266507897,ALNS-8,20,nan,MA-AT-50-5-200,1.0,75.25246604499407
B1,75.2,8,375.9136751584001,56.937771147752585,CPSAT-8,20,nan,MA-AT-50-5-200,1.0,75.29475311443676
B1,75.2,1,70.03110415604999,72.3212442951481,RL-1,20,6.85,MA-AT-50-5-200,1.0,70.03416033047252
B1,75.2,8,562.60123869015,70.98208912050582,RL-8,20,55.3,MA-AT-50-5-200,1.0,73.92428364732768
B1,75.2,8,692.81891529675,70.70127461360823,RL64+ALNS-8,20,64.0,MA-AT-50-5-200,1.0,92.47102673246991
B1,75.2,1,2.0802913476500406,87.50409455370344,greedy,20,nan,MA-AT-50-5-200,1.0,2.0800418159458784
B2,150.4,1,150.4092891022,57.381692215142735,ALNS-1,20,nan,MA-AT-50-5-200,1.0,150.40470792392733
B2,150.4,8,1203.1144653118,55.74364785602275,ALNS-8,20,nan,MA-AT-50-5-200,1.0,150.44707531766034
B2,150.4,8,770.6854180001001,56.64382295692867,CPSAT-8,20,nan,MA-AT-50-5-200,1.0,150.48103356293868
B2,150.4,1,146.30394614494998,71.87309609204782,RL-1,20,13.6,MA-AT-50-5-200,1.0,146.3050690919161
B2,150.4,8,1174.5679305822,70.45120916025363,RL-8,20,109.65,MA-AT-50-5-200,1.0,151.45877049497795
B2,150.4,8,1174.7921587953,56.29360853202674,RL64+ALNS-8,20,64.0,MA-AT-50-5-200,1.0,150.44578853903803
B2,150.4,1,2.0802913476500406,87.50409455370344,greedy,20,nan,MA-AT-50-5-200,1.0,2.0800418159458784
