budget,hi,lo,losses,n,other,ours,p,p_holm,ratio,role,setting,wins
B1,0.971901268237442,0.9543708634986994,0,20,CPSAT-8,ALNS-8,9.230374256200319e-08,1.8460748512400638e-07,0.9633823682303181,competitor,SA-BT-50-5-50,20
B1,0.792530458420618,0.7720430575570136,0,20,RL-8,ALNS-8,2.7382591627417705e-19,2.4644332464675934e-18,0.7822838935163069,competitor,SA-BT-50-5-50,20
B1,1.0025762627778807,0.9957166676194912,7,20,RL64+ALNS-8,ALNS-8,0.3076982820781348,,0.9991201101893517,ablation,SA-BT-50-5-50,8
B1,0.7819281471304328,0.7577778910327738,0,20,RL-1,ALNS-1,3.436243945996057e-18,3.436243945996057e-17,0.7701330512626616,competitor,SA-BT-50-5-50,20
B1,0.6768934516764544,0.6377541481930505,0,20,greedy,ALNS-1,1.2074647435591561e-16,8.4522532049140925e-16,0.6585499668409917,competitor,SA-BT-50-5-50,20
B2,0.9832520934067197,0.9631162406019964,2,20,CPSAT-8,ALNS-8,3.5071975847112674e-05,7.014395169422535e-05,0.9732830530823394,competitor,SA-BT-50-5-50,17
B2,0.7986076299551944,0.7791143392761941,0,20,RL-8,ALNS-8,2.489563728910189e-19,2.4895637289101887e-18,0.7889095164910525,competitor,SA-BT-50-5-50,20
B2,1.0028050324996862,0.9954166361601635,5,20,RL64+ALNS-8,ALNS-8,0.3002199044826662,,0.9990067934449055,ablation,SA-BT-50-5-50,7
B2,0.7833109029793792,0.7691431921466395,0,20,RL-1,ALNS-1,1.7294692597859413e-22,1.7294692597859415e-21,0.776113285381083,competitor,SA-BT-50-5-50,20
B2,0.6760373135182237,0.6369427459278474,0,20,greedy,ALNS-1,1.4693435537366338e-16,8.816061322419802e-16,0.6576728239927282,competitor,SA-BT-50-5-50,20
B1,0.9635328913490389,0.9456008356606338,0,20,CPSAT-8,ALNS-8,6.565374933506661e-09,1.9696124800519985e-08,0.95461702940481,competitor,SA-AT-50-5-50,20
B1,0.7964831486370818,0.7781447040756235,0,20,RL-8,ALNS-8,6.842797293145621e-20,6.842797293145621e-19,0.786889685032385,competitor,SA-AT-50-5-50,20
B1,0.989756408369754,0.9754869834989369,2,20,RL64+ALNS-8,ALNS-8,9.12462207529376e-05,,0.9825141109037849,ablation,SA-AT-50-5-50,18
B1,0.8092804997613074,0.786420171194406,0,20,RL-1,ALNS-1,1.589084747863486e-17,1.321125025806607e-16,0.7984125614433951,competitor,SA-AT-50-5-50,20
B1,0.6661213237023205,0.6125080945861195,0,20,greedy,ALNS-1,1.7042480893237604e-14,8.521240446618802e-14,0.6394459495094929,competitor,SA-AT-50-5-50,20
B2,0.9586265640813665,0.9402084428767664,1,20,CPSAT-8,ALNS-8,1.0611661642480392e-09,3.1834984927441176e-09,0.9488156797785795,competitor,SA-AT-50-5-50,19
B2,0.7983696247773321,0.7768175728576189,0,20,RL-8,ALNS-8,1.1833320730705244e-18,1.064998865763472e-17,0.7876661100769662,competitor,SA-AT-50-5-50,20
B2,1.005492296442197,0.9906290257022877,8,20,RL64+ALNS-8,ALNS-8,0.30993628379543275,,0.9981558372912571,ablation,SA-AT-50-5-50,12
B2,0.8025604169996254,0.7765754353399607,0,20,RL-1,ALNS-1,6.011118997168013e-17,4.207783298017609e-16,0.7895002245326527,competitor,SA-AT-50-5-50,20
B2,0.6594600083691257,0.6054570571557086,0,20,greedy,ALNS-1,1.5537330234541225e-14,7.768665117270612e-14,0.6324334666153417,competitor,SA-AT-50-5-50,20
B1,0.9039415988136786,0.8757661003307786,0,20,CPSAT-8,ALNS-8,8.273066030915546e-12,3.3092264123662184e-11,0.8898209169252345,competitor,MA-AT-25-5-50,20
B1,0.7688625707256073,0.7313252120680627,0,20,RL-8,ALNS-8,2.352093693242549e-15,1.646465585269784e-14,0.7495449654772575,competitor,MA-AT-25-5-50,20
B1,1.003380223776197,0.9875707831762683,8,20,RL64+ALNS-8,ALNS-8,0.13535235889605532,,0.9954791383268431,ablation,MA-AT-25-5-50,12
B1,0.766050545325076,0.7302428602514432,0,20,RL-1,ALNS-1,1.5010941774502297e-15,9.006565064701378e-15,0.7484497325984588,competitor,MA-AT-25-5-50,20
B1,0.5328615529428767,0.39683476296533926,0,20,greedy,ALNS-1,1.1681639758384804e-08,1.1681639758384804e-08,0.46718361519360574,competitor,MA-AT-25-5-50,20
B2,0.9203436091554769,0.8922509928945938,0,20,CPSAT-8,ALNS-8,1.291184174521009e-10,5.164736698084036e-10,0.9066688234249474,competitor,MA-AT-25-5-50,20
B2,0.7766754558952367,0.7420522073665803,0,20,RL-8,ALNS-8,9.504835983368591e-16,6.6533851883580135e-15,0.7589477804867831,competitor,MA-AT-25-5-50,20
B2,1.002506241992446,0.9897896418603533,7,20,RL64+ALNS-8,ALNS-8,0.14112063972836666,,0.9963438113345665,ablation,MA-AT-25-5-50,12
B2,0.7608873299629407,0.7355826962485263,0,20,RL-1,ALNS-1,1.2429213154924447e-18,1.1186291839432002e-17,0.7476041108394443,competitor,MA-AT-25-5-50,20
B2,0.530803420799983,0.3955436385109886,0,20,greedy,ALNS-1,1.0530142398624132e-08,1.0530142398624132e-08,0.465615389821638,competitor,MA-AT-25-5-50,20
B1,0.9218598957864883,0.9003008515594374,0,20,CPSAT-8,ALNS-8,2.6581764292583062e-12,1.3290882146291532e-11,0.9113464780516765,competitor,MA-AT-50-5-50,20
B1,0.7602862655508678,0.7086467479142261,0,20,RL-8,ALNS-8,4.0958756412437207e-13,2.4575253847462322e-12,0.7343191063842986,competitor,MA-AT-50-5-50,20
B1,1.005564402990776,0.988258747964222,9,20,RL64+ALNS-8,ALNS-8,0.22449101959624698,,0.9966767927815555,ablation,MA-AT-50-5-50,11
B1,0.7515571011523579,0.7052830625338029,0,20,RL-1,ALNS-1,5.5236996981294194e-14,1.9520370520237195e-13,0.729124702424075,competitor,MA-AT-50-5-50,20
B1,0.6589055859974069,0.6026294585775614,0,20,greedy,ALNS-1,4.880092630059299e-14,1.9520370520237195e-13,0.6311326894724154,competitor,MA-AT-50-5-50,20
B2,0.9277134475214779,0.903897165341018,0,20,CPSAT-8,ALNS-8,2.9385384397755154e-11,1.4692692198877578e-10,0.9156151934366609,competitor,MA-AT-50-5-50,20
B2,0.7664537256466618,0.7186017198877875,0,20,RL-8,ALNS-8,1.44753042214446e-13,8.68518253286676e-13,0.742679751668798,competitor,MA-AT-50-5-50,20
B2,1.0082248650240695,0.9905113254018296,6,20,RL64+ALNS-8,ALNS-8,0.40225818305115596,,0.9990431462701602,ablation,MA-AT-50-5-50,12
B2,0.752877780189361,0.7061581351586709,0,20,RL-1,ALNS-1,6.223904394736863e-14,1.2447808789473726e-13,0.7295112380151055,competitor,MA-AT-50-5-50,20
B2,0.6540898482216944,0.5975541573791557,0,20,greedy,ALNS-1,3.2102990821891945e-14,9.630897246567583e-14,0.6259884825791636,competitor,MA-AT-50-5-50,20
B1,0.9994749788737033,0.9638259802345921,7,20,CPSAT-8,ALNS-8,0.030016419938557436,0.030016419938557436,0.9818514150035922,competitor,MA-AT-50-5-200,13
B1,0.803261622015516,0.7724068140199956,0,20,RL-8,ALNS-8,1.0132398686328716e-15,8.105918949062973e-15,0.7879259213810528,competitor,MA-AT-50-5-200,20
B1,0.8197276216752436,0.7739528853483756,0,20,RL64+ALNS-8,ALNS-8,1.1911783383921858e-12,,0.7955680244247549,ablation,MA-AT-50-5-200,20
B1,0.8233789010725194,0.786374249283929,0,20,RL-1,ALNS-1,1.0551005772407932e-13,2.1102011544815865e-13,0.8044607695667205,competitor,MA-AT-50-5-200,20
B1,0.686270932623787,0.6512522554708199,0,20,greedy,ALNS-1,1.4679166953406745e-17,1.321125025806607e-16,0.6687096086775852,competitor,MA-AT-50-5-200,20
B2,0.9978451805061216,0.9621294501357714,7,20,CPSAT-8,ALNS-8,0.019166801964863277,0.019166801964863277,0.9797040828226639,competitor,MA-AT-50-5-200,13
B2,0.8022278235856092,0.7728424092818617,0,20,RL-8,ALNS-8,3.2029126315640213e-16,2.562330105251217e-15,0.7869638236324702,competitor,MA-AT-50-5-200,20
B2,1.000271418590215,0.9814291433530834,6,20,RL64+ALNS-8,ALNS-8,0.03536187990277718,,0.9906927525726358,ablation,MA-AT-50-5-200,14
B2,0.8135729759595184,0.7783913067228916,0,20,RL-1,ALNS-1,1.984342881188711e-14,7.937371524754844e-14,0.7961035650607732,competitor,MA-AT-50-5-200,20
B2,0.6755506668340028,0.6396324831315051,0,20,greedy,ALNS-1,1.419888744013641e-17,1.1359109952109128e-16,0.6574411370098098,competitor,MA-AT-50-5-200,20
